# s_m;x_m;y_m;psi_rad;kappa_radpm;vx_mps;ax_mps2
0.000000;-38.156038;26.436595;-0.249839;-0.516319;5.134956;1.039691
0.199914;-37.970142;26.379365;-0.345934;-0.469014;5.175275;1.348273
0.399828;-37.790238;26.305468;-0.431687;-0.411488;5.227098;1.623754
0.599742;-37.615790;26.216862;-0.506249;-0.350437;5.288835;1.864720
0.799656;-37.446263;26.115504;-0.569500;-0.290466;5.358856;2.069176
0.999570;-37.281120;26.003352;-0.621777;-0.234021;5.435499;2.236516
1.199483;-37.119827;25.882362;-0.663629;-0.181885;5.517144;2.288999
1.399397;-36.961846;25.754492;-0.695639;-0.133747;5.599471;2.351821
1.599311;-36.806643;25.621698;-0.718309;-0.088648;5.682816;2.431817
1.799225;-36.653680;25.485939;-0.731987;-0.045261;5.767730;2.525771
1.999139;-36.502387;25.349137;-0.736872;-0.006538;5.854621;2.629990
2.199053;-36.352043;25.212544;-0.738114;-0.005679;5.943747;2.734399
2.398967;-36.202752;25.076595;-0.739170;-0.004772;6.035016;2.830139
2.598881;-36.054353;24.941198;-0.740034;-0.003824;6.128049;2.907432
2.798795;-35.906685;24.806260;-0.740701;-0.002842;6.222175;2.953831
2.998709;-35.759587;24.671689;-0.741168;-0.001833;6.316366;3.183630
3.198622;-35.612897;24.537394;-0.741430;-0.000805;6.416337;3.235687
3.398536;-35.466455;24.403282;-0.741487;0.000235;6.516372;3.243188
3.598450;-35.320098;24.269261;-0.741337;0.001276;6.615120;3.202620
3.798364;-35.173666;24.135239;-0.740981;0.002312;6.711208;3.115101
3.998278;-35.026996;24.001123;-0.740430;0.002898;6.803368;2.983792
4.198192;-34.879991;23.866849;-0.739937;0.002054;6.890488;2.812132
4.398106;-34.732697;23.732421;-0.739611;0.001219;6.971599;2.610672
4.598020;-34.585172;23.597848;-0.739450;0.000391;7.046063;2.411018
4.797934;-34.437473;23.463138;-0.739454;-0.000433;7.114141;2.213163
4.997848;-34.289657;23.328298;-0.739623;-0.001253;7.176063;2.017143
5.197762;-34.141784;23.193337;-0.739956;-0.002072;7.232040;1.823027
5.397675;-33.993909;23.058262;-0.740453;-0.002892;7.282259;1.630906
5.597589;-33.846092;22.923083;-0.741114;-0.003713;7.326894;1.440886
5.797503;-33.698390;22.787807;-0.741941;-0.004539;7.366103;1.253082
5.997417;-33.550859;22.652443;-0.742888;-0.004141;7.400034;1.067617
6.197331;-33.403504;22.517023;-0.743460;-0.001571;7.428820;0.884615
6.397245;-33.256253;22.381613;-0.743517;0.001004;7.452587;0.704203
6.597159;-33.109026;22.246280;-0.743058;0.003583;7.471453;0.526508
6.797073;-32.961747;22.111093;-0.742084;0.006165;7.485528;0.351657
6.996987;-32.814337;21.976120;-0.740593;0.008749;7.494913;0.179776
7.196901;-32.666718;21.841430;-0.738587;0.011334;7.499707;0.010986
7.396814;-32.518812;21.707091;-0.736064;0.013917;7.500000;0.000000
7.596728;-32.370541;21.573170;-0.733026;0.016497;7.500000;0.000000
7.796642;-32.221827;21.439737;-0.729472;0.019072;7.500000;0.000000
7.996556;-32.072619;21.306879;-0.725517;0.019370;7.500000;0.000000
8.196470;-31.922906;21.174601;-0.721853;0.017305;7.500000;0.000000
8.396384;-31.772713;21.042820;-0.718602;0.015241;7.500000;0.000000
8.596298;-31.622095;20.911476;-0.715762;0.013178;7.500000;0.000000
8.796212;-31.471105;20.780505;-0.713334;0.011117;7.500000;0.000000
8.996126;-31.319797;20.649848;-0.711318;0.009057;7.500000;0.000000
9.196040;-31.168225;20.519441;-0.709712;0.006999;7.500000;0.000000
9.395953;-31.016443;20.389223;-0.708518;0.004943;7.500000;0.000000
9.595867;-30.864506;20.259132;-0.707735;0.002889;7.500000;0.000000
9.795781;-30.712468;20.129106;-0.707362;0.000837;7.500000;0.000000
9.995695;-30.560452;19.999155;-0.707188;0.002227;7.500000;0.000000
10.195609;-30.408404;19.869297;-0.706389;0.005769;7.500000;0.000000
10.395523;-30.256197;19.739605;-0.704881;0.009311;7.500000;0.000000
10.595437;-30.103746;19.610196;-0.702665;0.012854;7.500000;0.000000
10.795351;-29.950969;19.481184;-0.699740;0.016402;7.500000;0.000000
10.995265;-29.797785;19.352686;-0.696106;0.019954;7.500000;0.000000
11.195179;-29.644109;19.224817;-0.691761;0.023512;7.500000;0.000000
11.395093;-29.489859;19.097693;-0.686705;0.027076;7.500000;0.000000
11.595006;-29.334954;18.971429;-0.680938;0.030646;7.500000;0.000000
11.794920;-29.179309;18.846141;-0.674457;0.034221;7.500000;0.000000
11.994834;-29.022765;18.721857;-0.667712;0.031620;7.500000;0.000000
12.194748;-28.865429;18.598554;-0.661878;0.026746;7.500000;0.000000
12.394662;-28.707446;18.476103;-0.657020;0.021865;7.500000;0.000000
12.594576;-28.548932;18.354345;-0.653137;0.016980;7.500000;0.000000
12.794490;-28.390002;18.233123;-0.650232;0.012094;7.500000;0.000000
12.994404;-28.230770;18.112279;-0.648303;0.007207;7.500000;0.000000
13.194318;-28.071352;17.991655;-0.647350;0.002322;7.500000;0.000000
13.394232;-27.911863;17.871094;-0.647374;-0.002561;7.500000;0.000000
13.594145;-27.752417;17.750436;-0.648374;-0.007441;7.500000;0.000000
13.794059;-27.593129;17.629526;-0.650350;-0.012317;7.500000;0.000000
13.993973;-27.434091;17.508245;-0.652482;-0.007638;7.500000;0.000000
14.193887;-27.275225;17.386711;-0.653383;-0.001367;7.500000;0.000000
14.393801;-27.116389;17.265132;-0.653029;0.004903;7.500000;0.000000
14.593715;-26.957444;17.143716;-0.651421;0.011177;7.500000;0.000000
14.793629;-26.798252;17.022674;-0.648558;0.017459;7.500000;0.000000
14.993543;-26.638673;16.902214;-0.644438;0.023753;7.500000;0.000000
15.193457;-26.478567;16.782546;-0.639060;0.030059;7.500000;0.000000
15.393371;-26.317794;16.663879;-0.632422;0.036381;7.500000;0.000000
15.593285;-26.156217;16.546422;-0.624522;0.042714;7.500000;0.000000
15.793198;-25.993694;16.430384;-0.615359;0.049056;7.500000;0.000000
15.993112;-25.830133;16.315930;-0.605901;0.045507;7.500000;0.000000
16.193026;-25.665552;16.202975;-0.597193;0.041737;7.500000;0.000000
16.392940;-25.500019;16.091383;-0.589239;0.037944;7.500000;0.000000
16.592854;-25.333601;15.981020;-0.582043;0.034134;7.500000;0.000000
16.792768;-25.166366;15.871749;-0.575605;0.030315;7.500000;0.000000
16.992682;-24.998383;15.763436;-0.569928;0.026493;7.500000;0.000000
17.192596;-24.829719;15.655944;-0.565012;0.022672;7.500000;0.000000
17.392510;-24.660442;15.549138;-0.560856;0.018857;7.500000;0.000000
17.592424;-24.490620;15.442882;-0.557460;0.015052;7.500000;0.000000
17.792337;-24.320320;15.337041;-0.554800;0.013376;7.500000;0.000000
17.992251;-24.149544;15.231652;-0.550471;0.029764;7.500000;0.000000
18.192165;-23.978104;15.127263;-0.542848;0.046216;7.500000;0.000000
18.392079;-23.805777;15.024513;-0.531913;0.062817;7.500000;0.000000
18.591993;-23.632339;14.924041;-0.517641;0.079634;7.500000;0.000000
18.791907;-23.457568;14.826486;-0.499999;0.096700;7.500000;0.000000
18.991821;-23.281239;14.732489;-0.478950;0.114012;7.500000;0.000000
19.191735;-23.103130;14.642687;-0.454465;0.131515;7.500000;0.000000
19.391649;-22.923017;14.557720;-0.426523;0.149092;7.500000;0.000000
19.591563;-22.740676;14.478227;-0.395125;0.166555;7.500000;0.000000
19.791477;-22.555944;14.404867;-0.360526;0.174194;7.500000;0.000000
19.991390;-22.368918;14.337859;-0.328364;0.149526;7.500000;0.000000
20.191304;-22.179703;14.276347;-0.301079;0.124763;7.500000;0.000000
20.391218;-21.988648;14.219446;-0.278663;0.100170;7.500000;0.000000
20.591132;-21.796099;14.166266;-0.261086;0.075881;7.500000;0.000000
20.791046;-21.602404;14.115921;-0.248303;0.051921;7.500000;0.000000
20.990960;-21.407912;14.067522;-0.240274;0.028238;7.500000;0.000000
21.190874;-21.212969;14.020182;-0.236969;0.004730;7.500000;0.000000
21.390788;-21.017925;13.973013;-0.238374;-0.018731;7.500000;0.000000
21.590702;-20.823126;13.925128;-0.244490;-0.042279;7.500000;0.000000
21.790616;-20.628870;13.875634;-0.254996;-0.055825;7.500000;0.000000
21.990529;-20.435294;13.824061;-0.265544;-0.049471;7.500000;0.000000
22.190443;-20.242416;13.770622;-0.274804;-0.043046;7.500000;0.000000
22.390357;-20.050142;13.715563;-0.282766;-0.036568;7.500000;0.000000
22.590271;-19.858380;13.659131;-0.289425;-0.030050;7.500000;0.000000
22.790185;-19.667033;13.601570;-0.294776;-0.023505;7.500000;0.000000
22.990099;-19.476010;13.543126;-0.298816;-0.016940;7.500000;0.000000
23.190013;-19.285215;13.484046;-0.301543;-0.010364;7.500000;0.000000
23.389927;-19.094554;13.424575;-0.302956;-0.003782;7.500000;0.000000
23.589841;-18.903934;13.364958;-0.303054;0.002801;7.500000;0.000000
23.789755;-18.713234;13.305430;-0.301939;0.007135;7.500000;0.000000
23.989668;-18.522391;13.246150;-0.300348;0.008788;7.500000;0.000000
24.189582;-18.331420;13.187199;-0.298426;0.010440;7.500000;0.000000
24.389496;-18.140306;13.128639;-0.296175;0.012091;7.500000;0.000000
24.589410;-17.949032;13.070536;-0.293593;0.013743;7.500000;0.000000
24.789324;-17.757583;13.012954;-0.290680;0.015394;7.500000;0.000000
24.989238;-17.565944;12.955957;-0.287437;0.017045;7.500000;0.000000
25.189152;-17.374098;12.899609;-0.283864;0.018697;7.500000;0.000000
25.389066;-17.182029;12.843976;-0.279960;0.020348;7.500000;0.000000
25.588980;-16.989722;12.789120;-0.275726;0.021998;7.500000;0.000000
25.788894;-16.797193;12.735105;-0.271425;0.019085;7.500000;0.000000
25.988808;-16.604468;12.681824;-0.268236;0.012814;7.500000;0.000000
26.188721;-16.411600;12.629035;-0.266300;0.006545;7.500000;0.000000
26.388635;-16.218662;12.576498;-0.265618;0.000278;7.500000;0.000000
26.588549;-16.025729;12.523973;-0.266189;-0.005990;7.500000;0.000000
26.788463;-15.832875;12.471222;-0.268014;-0.012262;7.500000;0.000000
26.988377;-15.640174;12.418005;-0.271093;-0.018540;7.500000;0.000000
27.188291;-15.447700;12.364082;-0.275426;-0.024824;7.500000;0.000000
27.388205;-15.255528;12.309214;-0.281016;-0.031114;7.500000;0.000000
27.588119;-15.063732;12.253161;-0.287862;-0.037409;7.500000;0.000000
27.788033;-14.872289;12.195686;-0.295306;-0.034144;7.500000;0.000000
27.987947;-14.681216;12.136901;-0.301382;-0.026643;7.500000;0.000000
28.187860;-14.490463;12.077100;-0.305959;-0.019139;7.500000;0.000000
28.387774;-14.299940;12.016569;-0.309034;-0.011634;7.500000;0.000000
28.587688;-14.109556;11.955595;-0.310610;-0.004129;7.500000;0.000000
28.787602;-13.919219;11.894463;-0.310685;0.003376;7.500000;0.000000
28.987516;-13.728841;11.833459;-0.309260;0.010880;7.500000;0.000000
29.187430;-13.538330;11.772869;-0.306335;0.018384;7.500000;0.000000
29.387344;-13.347595;11.712979;-0.301910;0.025887;7.500000;0.000000
29.587258;-13.156547;11.654075;-0.295984;0.033386;7.500000;0.000000
29.787172;-12.965209;11.596433;-0.289348;0.031279;7.500000;0.000000
29.987086;-12.773514;11.539987;-0.283522;0.027033;7.500000;0.000000
30.187000;-12.581492;11.484570;-0.278544;0.022788;7.500000;0.000000
30.386913;-12.389192;11.430020;-0.274413;0.018547;7.500000;0.000000
30.586827;-12.196665;11.376177;-0.271128;0.014310;7.500000;0.000000
30.786741;-12.003963;11.322878;-0.268690;0.010077;7.500000;0.000000
30.986655;-11.811136;11.269963;-0.267098;0.005847;7.500000;0.000000
31.186569;-11.618234;11.217270;-0.266352;0.001618;7.500000;0.000000
31.386483;-11.425309;11.164638;-0.266451;-0.002609;7.500000;0.000000
31.586397;-11.232412;11.111905;-0.267396;-0.006836;7.500000;0.000000
31.786311;-11.039584;11.058923;-0.268948;-0.008526;7.500000;0.000000
31.986225;-10.846855;11.005615;-0.270804;-0.010042;7.500000;0.000000
32.186139;-10.654245;10.951923;-0.272964;-0.011558;7.500000;0.000000
32.386052;-10.461772;10.897789;-0.275426;-0.013075;7.500000;0.000000
32.585966;-10.269456;10.843157;-0.278192;-0.014594;7.500000;0.000000
32.785880;-10.077316;10.787968;-0.281261;-0.016113;7.500000;0.000000
32.985794;-9.885371;10.732166;-0.284634;-0.017633;7.500000;0.000000
33.185708;-9.693640;10.675692;-0.288311;-0.019154;7.500000;0.000000
33.385622;-9.502142;10.618489;-0.292291;-0.020676;7.500000;0.000000
33.585536;-9.310892;10.560499;-0.296573;-0.021796;7.500000;0.000000
33.785450;-9.119821;10.501696;-0.300331;-0.015805;7.500000;0.000000
33.985364;-8.928943;10.442293;-0.302892;-0.009812;7.500000;0.000000
34.185278;-8.738186;10.382516;-0.304254;-0.003817;7.500000;0.000000
34.385192;-8.547476;10.322595;-0.304418;0.002177;7.500000;0.000000
34.585105;-8.356741;10.262756;-0.303384;0.008172;7.500000;0.000000
34.785019;-8.165907;10.203229;-0.301151;0.014166;7.500000;0.000000
34.984933;-7.974902;10.144241;-0.297720;0.020159;7.500000;0.000000
35.184847;-7.783651;10.086021;-0.293091;0.026148;7.500000;0.000000
35.384761;-7.592082;10.028797;-0.287265;0.032130;7.500000;0.000000
35.584675;-7.400137;9.972800;-0.280288;0.035543;7.500000;0.000000
35.784589;-7.207840;9.918123;-0.274042;0.026944;7.500000;-0.037946
35.984503;-7.015218;9.864475;-0.269513;0.018359;7.498988;-0.258297
36.184417;-6.822377;9.811527;-0.266699;0.009783;7.492099;-0.466174
36.384331;-6.629424;9.758954;-0.265600;0.001212;7.479650;-0.677588
36.584244;-6.436466;9.706430;-0.266215;-0.007360;7.461518;-0.910944
36.784158;-6.243610;9.653629;-0.268544;-0.015939;7.437071;-1.216701
36.984072;-6.050962;9.600224;-0.272589;-0.024532;7.404293;-1.534618
37.183986;-5.858629;9.545890;-0.278352;-0.033142;7.362742;-1.815120
37.383900;-5.666717;9.490300;-0.285835;-0.041768;7.313292;-2.060425
37.583814;-5.475316;9.433126;-0.294851;-0.043912;7.256750;-2.272359
37.783728;-5.284411;9.374325;-0.302274;-0.030405;7.193877;-2.452647
37.983642;-5.093879;9.314371;-0.306997;-0.016879;7.125393;-2.603308
38.183556;-4.903544;9.253772;-0.309017;-0.003348;7.051975;-2.727151
38.383470;-4.713227;9.193039;-0.308334;0.010175;6.974236;-2.841916
38.583384;-4.522751;9.132681;-0.304952;0.023682;6.892292;-2.955203
38.783297;-4.331938;9.073209;-0.298871;0.037160;6.806035;-3.065427
38.983211;-4.140609;9.015132;-0.290097;0.050589;6.715391;-3.166093
39.183125;-3.948587;8.958959;-0.278639;0.063936;6.620467;-3.252099
39.383039;-3.755694;8.905202;-0.264510;0.077152;6.521526;-3.318131
39.582953;-3.561923;8.854388;-0.248593;0.069797;6.419005;-3.358817
39.782867;-3.367459;8.806221;-0.238215;0.033863;6.313531;-3.369221
39.982781;-3.172540;8.759344;-0.235008;-0.001853;6.205930;-3.345875
40.182695;-2.977655;8.712398;-0.238959;-0.037592;6.097195;-3.288512
40.382609;-2.783295;8.664026;-0.250086;-0.073587;5.988402;-3.231052
40.582523;-2.589951;8.612871;-0.268436;-0.109990;5.879548;-3.118185
40.782436;-2.398112;8.557574;-0.294062;-0.146781;5.772552;-2.948956
40.982350;-2.208267;8.496779;-0.327003;-0.183679;5.669504;-2.738953
41.182264;-2.020908;8.429127;-0.367232;-0.220044;5.572088;-2.499993
41.382178;-1.836524;8.353260;-0.414615;-0.254816;5.481660;-2.268957
41.582092;-1.653286;8.266671;-0.468961;-0.275574;5.398278;-2.054882
41.782006;-1.472591;8.168489;-0.526981;-0.289607;5.321636;-1.855648
41.981920;-1.298372;8.059905;-0.588397;-0.309674;5.251464;-1.643218
42.181834;-1.132331;7.941154;-0.654198;-0.335976;5.188532;-1.318183
42.381748;-0.976172;7.812469;-0.725390;-0.368646;5.137492;-1.015330
42.581662;-0.831600;7.674086;-0.802967;-0.407493;5.097829;-0.720655
42.781575;-0.700318;7.526237;-0.887844;-0.451635;5.069490;-0.418959
42.981489;-0.584028;7.369157;-0.980739;-0.499024;5.052941;-0.073037
43.181403;-0.484436;7.203081;-1.082006;-0.545981;5.050051;0.279956
43.381317;-0.403244;7.028242;-1.191411;-0.587014;5.061121;0.609777
43.581231;-0.342935;6.849442;-1.296967;-0.515043;5.085150;0.920494
43.781145;-0.299980;6.664183;-1.385952;-0.420709;5.121210;1.215169
43.981059;-0.271620;6.472811;-1.458470;-0.330277;5.168428;1.496174
44.180973;-0.255365;6.276355;-1.515325;-0.248272;5.225979;1.765577
44.380887;-0.248728;6.075845;-1.557656;-0.175327;5.293089;2.025646
44.580801;-0.249221;5.872311;4.696617;-0.109983;5.369050;2.217545
44.780715;-0.254356;5.666783;4.680261;-0.049856;5.450994;2.370544
44.980628;-0.261645;5.460291;4.675933;0.007760;5.537250;2.531237
45.180542;-0.268599;5.253865;4.683483;0.065651;5.627895;2.694796
45.380456;-0.272731;5.048535;4.703138;0.126575;5.722819;2.856805
45.580370;-0.271979;4.843914;-1.554700;0.115938;5.821760;3.011847
45.780284;-0.266447;4.641152;-1.532933;0.098413;5.924281;3.153451
45.980198;-0.256958;4.440043;-1.514995;0.079562;6.029755;3.274397
46.180112;-0.244335;4.240291;-1.501044;0.059674;6.137356;3.367718
46.380026;-0.229402;4.041601;-1.491200;0.039014;6.246090;3.428747
46.579940;-0.212982;3.843678;-1.485548;0.017824;6.354884;3.489873
46.779854;-0.195898;3.646227;-1.484142;-0.003671;6.463737;3.488118
46.979767;-0.178974;3.448952;-1.487006;-0.025252;6.570734;3.413503
47.179681;-0.163034;3.251559;-1.494134;-0.046695;6.673782;3.275796
47.379595;-0.148900;3.053761;-1.505478;-0.065716;6.771198;3.083294
47.579509;-0.137171;2.855462;-1.517662;-0.056988;6.861625;2.879305
47.779423;-0.127667;2.656574;-1.528154;-0.048426;6.945007;2.677244
47.979337;-0.120069;2.457191;-1.536974;-0.040014;7.021650;2.477007
48.179251;-0.114053;2.257406;-1.544142;-0.031732;7.091822;2.278564
48.379165;-0.109300;2.057311;-1.549674;-0.023557;7.155765;2.081940
48.579079;-0.105487;1.857001;-1.553581;-0.015460;7.213695;1.887194
48.778993;-0.102292;1.656567;-1.555873;-0.007412;7.265807;1.694410
48.978907;-0.099396;1.456104;-1.556554;0.000617;7.312279;1.503691
49.178820;-0.096475;1.255703;-1.555625;0.008661;7.353274;1.315148
49.378734;-0.093209;1.055443;-1.553116;0.015013;7.388942;1.128902
49.578648;-0.089375;0.855330;-1.550178;0.014338;7.419423;0.945078
49.778562;-0.084970;0.655396;-1.547379;0.013648;7.444844;0.763801
49.978476;-0.080022;0.455599;-1.544722;0.012944;7.465326;0.585199
50.178390;-0.074560;0.255895;-1.542207;0.012227;7.480981;0.409399
50.378304;-0.068612;0.056242;-1.539838;0.011499;7.491913;0.236527
50.578218;-0.062204;-0.143405;-1.537614;0.010761;7.498222;0.066705
50.778132;-0.055366;-0.343087;-1.535539;0.010015;7.500000;0.000000
50.978046;-0.048125;-0.542848;-1.533612;0.009262;7.500000;0.000000
51.177959;-0.040508;-0.742732;-1.531835;0.008503;7.500000;-0.189631
51.377873;-0.032546;-0.942788;-1.530246;0.006616;7.494944;-0.513192
51.577787;-0.024316;-1.143024;-1.529337;0.002466;7.481243;-0.857011
51.777701;-0.015984;-1.343350;-1.529257;-0.001670;7.458306;-1.210372
51.977615;-0.007719;-1.543687;-1.530007;-0.005808;7.425792;-1.570161
52.177529;0.000310;-1.743956;-1.531587;-0.009964;7.383400;-1.934373
52.377443;0.007933;-1.944080;-1.534001;-0.014153;7.330838;-2.255519
52.577357;0.014980;-2.143979;-1.537255;-0.018392;7.269069;-2.537373
52.777271;0.021282;-2.343575;-1.541356;-0.022695;7.198948;-2.781210
52.977185;0.026669;-2.542790;-1.546314;-0.027080;7.121295;-2.986166
53.177099;0.030971;-2.741545;-1.552141;-0.031560;7.036966;-3.149500
53.377012;0.034028;-2.940000;-1.558667;-0.031993;6.946916;-3.266916
53.576926;0.035833;-3.138266;-1.564570;-0.027511;6.852258;-3.333190
53.776840;0.036557;-3.336318;-1.569560;-0.022860;6.754312;-3.343494
53.976754;0.036384;-3.534410;4.709567;-0.018095;6.654616;-3.295854
54.176668;0.035500;-3.732793;4.706455;-0.013274;6.554856;-3.248120
54.376582;0.034089;-3.931721;4.704295;-0.008450;6.455033;-3.196029
54.576496;0.032335;-4.131447;4.703086;-0.003680;6.355280;-3.122368
54.776410;0.030425;-4.332223;4.702817;0.000984;6.256291;-3.038411
54.976324;0.028542;-4.534301;4.703476;0.005496;6.158436;-2.998091
55.176238;0.026871;-4.737934;4.705039;0.009811;6.060331;-2.994344
55.376151;0.025521;-4.942147;4.705519;-0.016540;5.960738;-2.993115
55.576065;0.023459;-5.146877;4.697612;-0.060666;5.859493;-2.981950
55.775979;0.018843;-5.351818;4.680595;-0.105656;5.756856;-2.953435
55.975893;0.009819;-5.555950;4.654208;-0.153208;5.653364;-2.901572
56.175807;-0.005468;-5.758252;4.617980;-0.204765;5.549811;-2.849613
56.375721;-0.028874;-5.957703;4.571275;-0.261320;5.446196;-2.748429
56.575635;-0.062252;-6.153283;4.513390;-0.323033;5.344357;-2.605087
56.775549;-0.107459;-6.343971;4.443698;-0.388620;5.246004;-2.428644
56.975463;-0.166348;-6.528747;4.361885;-0.454604;5.152623;-2.227120
57.175377;-0.240774;-6.706590;4.268253;-0.514785;5.065477;-2.017186
57.375290;-0.334267;-6.879537;4.165729;-0.510525;4.985231;-1.698355
57.575204;-0.446194;-7.044320;4.066577;-0.485575;4.916654;-1.310492
57.775118;-0.574196;-7.198229;3.971300;-0.467167;4.863076;-0.925954
57.975032;-0.716581;-7.339988;3.878645;-0.456066;4.824861;-0.546954
58.174946;-0.871656;-7.468321;3.787289;-0.452616;4.802145;-0.170515
58.374860;-1.037729;-7.581953;3.695875;-0.456923;4.795042;0.207169
58.574774;-1.213107;-7.679608;3.603047;-0.468906;4.803671;0.559829
58.774688;-1.396097;-7.760011;3.507475;-0.488241;4.826913;0.893281
58.974602;-1.585007;-7.821886;3.407904;-0.514158;4.863769;1.210801
59.174516;-1.778050;-7.863943;3.303286;-0.543398;4.913284;1.513344
59.374430;-1.969002;-7.885319;3.204993;-0.477000;4.974479;1.799577
59.574343;-2.162052;-7.889127;3.120062;-0.401906;5.046282;2.065872
59.774257;-2.356862;-7.877763;3.049047;-0.326341;5.127470;2.306487
59.974171;-2.553099;-7.853622;2.991681;-0.254921;5.216623;2.514372
60.174085;-2.750426;-7.819099;2.947296;-0.189302;5.312106;2.675705
60.373999;-2.948508;-7.776590;2.915124;-0.129224;5.411865;2.727235
60.573913;-3.147010;-7.728490;2.894497;-0.073366;5.511689;2.775095
60.773827;-3.345594;-7.677195;2.884959;-0.019886;5.611441;2.803064
60.973741;-3.543927;-7.625100;2.886319;0.033294;5.710430;2.819119
61.173655;-3.741790;-7.574571;2.898622;0.081962;5.808285;2.874403
61.373569;-3.939913;-7.527148;2.914344;0.072241;5.906390;2.967270
61.573482;-4.137256;-7.482958;2.927907;0.061769;6.005984;3.067303
61.773396;-4.333930;-7.441481;2.939218;0.050665;6.107228;3.161833
61.973310;-4.530045;-7.402198;2.948198;0.039046;6.209865;3.241525
62.173224;-4.725713;-7.364587;2.954787;0.027028;6.313357;3.297081
62.373138;-4.921044;-7.328129;2.958940;0.014730;6.416910;3.352735
62.573052;-5.116149;-7.292303;2.960627;0.002265;6.520526;3.347586
62.772966;-5.311139;-7.256588;2.959836;-0.010252;6.622365;3.282219
62.972880;-5.506125;-7.220464;2.956566;-0.022704;6.720717;3.161114
63.172794;-5.701207;-7.183415;2.950941;-0.030424;6.814098;2.989373
63.372708;-5.896442;-7.145170;2.945596;-0.023329;6.901244;2.786276
63.572622;-6.091864;-7.105945;2.941646;-0.016324;6.981490;2.585049
63.772535;-6.287473;-7.066019;2.939080;-0.009394;7.055124;2.385625
63.972449;-6.483265;-7.025673;2.937890;-0.002520;7.122402;2.188001
64.172363;-6.679237;-6.985186;2.938070;0.004315;7.183553;1.992219
64.372277;-6.875389;-6.944840;2.939617;0.011131;7.238783;1.798353
64.572191;-7.071717;-6.904912;2.942529;0.017944;7.288279;1.606494
64.772105;-7.268219;-6.865685;2.946809;0.024771;7.332212;1.416751
64.972019;-7.464893;-6.827438;2.952458;0.031628;7.370739;1.229239
65.171933;-7.661716;-6.790449;2.959290;0.033351;7.404004;1.044081
65.371847;-7.858656;-6.754775;2.965262;0.026322;7.432142;0.861403
65.571761;-8.055706;-6.720152;2.969823;0.019273;7.455276;0.681331
65.771674;-8.252823;-6.686299;2.972972;0.012209;7.473524;0.503993
65.971588;-8.449965;-6.652938;2.974705;0.005133;7.486993;0.329515
66.171502;-8.647089;-6.619788;2.975023;-0.001953;7.495787;0.158022
66.371416;-8.844154;-6.586569;2.973924;-0.009047;7.500000;0.000000
66.571330;-9.041116;-6.553000;2.971408;-0.016147;7.500000;0.000000
66.771244;-9.237934;-6.518803;2.967472;-0.023252;7.500000;0.000000
66.971158;-9.434565;-6.483696;2.962119;-0.030356;7.500000;0.000000
67.171072;-9.631037;-6.447398;2.955666;-0.031074;7.500000;0.000000
67.370986;-9.827350;-6.409878;2.950008;-0.025543;7.500000;0.000000
67.570900;-10.023477;-6.371354;2.945456;-0.020011;7.500000;0.000000
67.770814;-10.219460;-6.332044;2.942009;-0.014480;7.500000;0.000000
67.970727;-10.415344;-6.292164;2.939667;-0.008950;7.500000;0.000000
68.170641;-10.611170;-6.251930;2.938430;-0.003423;7.500000;0.000000
68.370555;-10.806981;-6.211560;2.938298;0.002103;7.500000;0.000000
68.570469;-11.002821;-6.171270;2.939271;0.007627;7.500000;0.000000
68.770383;-11.198732;-6.131276;2.941348;0.013149;7.500000;0.000000
68.970297;-11.394757;-6.091796;2.944530;0.018670;7.500000;0.000000
69.170211;-11.590862;-6.053044;2.948442;0.018437;7.500000;0.000000
69.370125;-11.787080;-6.015018;2.951789;0.015052;7.500000;0.000000
69.570039;-11.983426;-5.977580;2.954459;0.011667;7.500000;0.000000
69.769953;-12.179873;-5.940597;2.956453;0.008284;7.500000;0.000000
69.969866;-12.376394;-5.903938;2.957771;0.004902;7.500000;0.000000
70.169780;-12.572963;-5.867468;2.958413;0.001522;7.500000;0.000000
70.369694;-12.769553;-5.831057;2.958380;-0.001858;7.500000;0.000000
70.569608;-12.966136;-5.794571;2.957671;-0.005237;7.500000;0.000000
70.769522;-13.162686;-5.757879;2.956286;-0.008615;7.500000;0.000000
70.969436;-13.359177;-5.720847;2.954225;-0.011994;7.500000;0.000000
71.169350;-13.555547;-5.683364;2.951755;-0.011968;7.500000;0.000000
71.369264;-13.751821;-5.645413;2.949461;-0.010986;7.500000;0.000000
71.569178;-13.948013;-5.607031;2.947363;-0.010005;7.500000;0.000000
71.769092;-14.144130;-5.568255;2.945461;-0.009023;7.500000;0.000000
71.969005;-14.340179;-5.529126;2.943755;-0.008041;7.500000;0.000000
72.168919;-14.536167;-5.489681;2.942246;-0.007060;7.500000;0.000000
72.368833;-14.732099;-5.449960;2.940932;-0.006079;7.500000;0.000000
72.568747;-14.927982;-5.410000;2.939815;-0.005098;7.500000;0.000000
72.768661;-15.123823;-5.369842;2.938894;-0.004117;7.500000;0.000000
72.968575;-15.319628;-5.329522;2.938169;-0.003136;7.500000;0.000000
73.168489;-15.515362;-5.289095;2.937735;-0.001115;7.500000;0.000000
73.368403;-15.711083;-5.248626;2.937724;0.001004;7.500000;0.000000
73.568317;-15.906816;-5.208195;2.938137;0.003124;7.500000;0.000000
73.768231;-16.102581;-5.167884;2.938973;0.005242;7.500000;0.000000
73.968145;-16.298401;-5.127777;2.940232;0.007360;7.500000;0.000000
74.168058;-16.494297;-5.087954;2.941915;0.009476;7.500000;0.000000
74.367972;-16.690290;-5.048497;2.944021;0.011589;7.500000;0.000000
74.567886;-16.886401;-5.009490;2.946549;0.013700;7.500000;0.000000
74.767800;-17.082651;-4.971013;2.949500;0.015808;7.500000;0.000000
74.967714;-17.279056;-4.933151;2.952871;0.017709;7.500000;0.000000
75.167628;-17.475479;-4.895978;2.956155;0.015142;7.500000;0.000000
75.367542;-17.672049;-4.859393;2.958926;0.012580;7.500000;0.000000
75.567456;-17.868734;-4.823299;2.961186;0.010024;7.500000;0.000000
75.767370;-18.065501;-4.787597;2.962936;0.007471;7.500000;0.000000
75.967284;-18.262318;-4.752190;2.964174;0.004919;7.500000;0.000000
76.167197;-18.459152;-4.716980;2.964903;0.002368;7.500000;0.000000
76.367111;-18.655971;-4.681868;2.965121;-0.000184;7.500000;0.000000
76.567025;-18.852743;-4.646757;2.964829;-0.002739;7.500000;0.000000
76.766939;-19.049435;-4.611550;2.964026;-0.005300;7.500000;0.000000
76.966853;-19.246059;-4.576140;2.962720;-0.007314;7.500000;0.000000
77.166767;-19.442776;-4.540429;2.961335;-0.006539;7.500000;0.000000
77.366681;-19.639386;-4.504472;2.960106;-0.005759;7.500000;0.000000
77.566595;-19.835915;-4.468296;2.959033;-0.004977;7.500000;0.000000
77.766509;-20.032392;-4.431928;2.958117;-0.004191;7.500000;0.000000
77.966423;-20.228843;-4.395395;2.957359;-0.003404;7.500000;0.000000
78.166337;-20.425297;-4.358722;2.956757;-0.002616;7.500000;0.000000
78.366250;-20.621780;-4.321938;2.956313;-0.001828;7.500000;0.000000
78.566164;-20.818320;-4.285069;2.956026;-0.001041;7.500000;0.000000
78.766078;-21.014945;-4.248141;2.955896;-0.000254;7.500000;0.000000
78.965992;-21.211595;-4.211197;2.955842;-0.002207;7.500000;0.000000
79.165906;-21.408132;-4.174163;2.954569;-0.010515;7.500000;0.000000
79.365820;-21.604659;-4.136702;2.951635;-0.018818;7.500000;0.000000
79.565734;-21.801069;-4.098497;2.947038;-0.027132;7.500000;0.000000
79.765648;-21.997254;-4.059230;2.940776;-0.035471;7.500000;0.000000
79.965562;-22.193105;-4.018581;2.932844;-0.043845;7.500000;0.000000
80.165476;-22.388515;-3.976233;2.923237;-0.052260;7.500000;0.000000
80.365389;-22.583376;-3.931868;2.911948;-0.060716;7.500000;-0.135719
80.565303;-22.777579;-3.885168;2.898973;-0.069208;7.496382;-0.353670
80.765217;-22.971017;-3.835814;2.884308;-0.077721;7.486944;-0.570321
80.965131;-23.163861;-3.783421;2.868284;-0.077703;7.471700;-0.786743
81.165045;-23.356202;-3.727968;2.853907;-0.065940;7.450620;-1.004184
81.364959;-23.547763;-3.669991;2.841888;-0.054159;7.423627;-1.224087
81.564873;-23.738659;-3.609949;2.832229;-0.042379;7.390589;-1.447602
81.764787;-23.929004;-3.548302;2.824928;-0.030604;7.351328;-1.660645
81.964701;-24.118913;-3.485509;2.819984;-0.018829;7.306028;-1.856256
82.164615;-24.308500;-3.422029;2.817397;-0.007041;7.255058;-2.033305
82.364529;-24.497879;-3.358322;2.817171;0.004779;7.198812;-2.190053
82.564442;-24.687165;-3.294848;2.819309;0.016651;7.137734;-2.324193
82.764356;-24.876472;-3.232066;2.823819;0.028593;7.072339;-2.432902
82.964270;-25.065829;-3.170457;2.830565;0.038111;7.003230;-2.512930
83.164184;-25.255411;-3.110358;2.838906;0.045759;6.931125;-2.560789
83.364098;-25.445467;-3.052007;2.848756;0.053317;6.856866;-2.573090
83.564012;-25.636181;-2.995659;2.860100;0.060738;6.781432;-2.547115
83.763926;-25.827734;-2.941569;2.872913;0.067970;6.705924;-2.521058
83.963840;-26.020313;-2.889995;2.887165;0.074957;6.630341;-2.482818
84.163754;-26.214100;-2.841191;2.902818;0.081641;6.555054;-2.421488
84.363668;-26.409278;-2.795414;2.919826;0.087962;6.480783;-2.340797
84.563581;-26.606033;-2.752919;2.938133;0.093856;6.408169;-2.244637
84.763495;-26.804546;-2.713962;2.957677;0.099262;6.337757;-2.136726
84.963409;-27.003931;-2.679017;2.979086;0.115398;6.269995;-2.020430
85.163323;-27.204446;-2.648693;3.004639;0.136830;6.205241;-1.898701
85.363237;-27.405867;-2.623934;3.034716;0.159882;6.143766;-1.774081
85.563151;-27.607579;-2.605760;3.069598;0.184937;6.085765;-1.648749
85.763065;-27.808965;-2.595188;3.109609;0.212270;6.031362;-1.524583
85.962979;-28.009411;-2.593236;3.155100;0.241995;5.980615;-1.384373
86.162893;-28.208302;-2.600924;3.206416;0.273972;5.934159;-1.227236
86.362807;-28.405021;-2.619270;3.263858;0.307692;5.892670;-1.062263
86.562720;-28.598953;-2.649292;3.327627;0.342139;5.856521;-0.798780
86.762634;-28.789483;-2.692008;3.397752;0.375689;5.829190;-0.478707
86.962548;-28.977604;-2.748811;3.471401;0.364923;5.812750;-0.165195
87.162462;-29.161736;-2.819179;3.541091;0.341835;5.807066;0.144979
87.362376;-29.341270;-2.902066;3.606364;0.318260;5.812055;0.455122
87.562290;-29.516002;-2.996529;3.667287;0.295259;5.827688;0.768703
87.762204;-29.685726;-3.101626;3.724044;0.273571;5.853998;1.089041
87.962118;-29.850239;-3.216414;3.776898;0.253664;5.891072;1.340022
88.162032;-30.009336;-3.339951;3.826162;0.235798;5.936371;1.520042
88.361946;-30.162812;-3.471292;3.872174;0.220086;5.987342;1.692457
88.561860;-30.310463;-3.609497;3.915282;0.206551;6.043588;1.855769
88.761773;-30.452084;-3.753621;3.955835;0.195168;6.104665;2.007649
88.961687;-30.586746;-3.901734;3.992331;0.168917;6.170061;2.144883
89.161601;-30.716098;-4.054037;4.023345;0.141373;6.239170;2.263355
89.361515;-30.841035;-4.209852;4.048787;0.113349;6.311275;2.358127
89.561429;-30.962434;-4.368482;4.068616;0.085185;6.385533;2.423704
89.761343;-31.081172;-4.529233;4.082828;0.057057;6.460967;2.454594
89.961257;-31.198127;-4.691407;4.091432;0.029023;6.536476;2.485569
90.161171;-31.314175;-4.854308;4.094440;0.001061;6.612058;2.504286
90.361085;-31.430193;-5.017241;4.091857;-0.026894;6.687346;2.498229
90.560999;-31.547058;-5.179509;4.083679;-0.054908;6.761616;2.469178
90.760912;-31.665652;-5.340423;4.069930;-0.079449;6.834230;2.419501
90.960826;-31.786633;-5.499537;4.054993;-0.069991;6.904642;2.351842
91.160740;-31.909807;-5.656917;4.041955;-0.060479;6.972404;2.268922
91.360654;-32.034874;-5.812797;4.030821;-0.050941;7.037158;2.173425
91.560568;-32.161535;-5.967412;4.021593;-0.041398;7.098633;2.067946
91.760482;-32.289491;-6.120998;4.014271;-0.031861;7.156634;1.954975
91.960396;-32.418443;-6.273789;4.008854;-0.022335;7.211038;1.836919
92.160310;-32.548092;-6.426022;4.005339;-0.012819;7.261785;1.692886
92.360224;-32.678138;-6.577930;4.003727;-0.003310;7.308241;1.521015
92.560138;-32.808283;-6.729750;4.004015;0.006199;7.349730;1.332270
92.760052;-32.938247;-6.881739;4.006135;0.012347;7.385879;1.145810
92.959965;-33.067931;-7.034080;4.007969;0.005989;7.416828;0.961759
93.159879;-33.197410;-7.186551;4.008531;-0.000373;7.442706;0.780245
93.359793;-33.326877;-7.338985;4.007820;-0.006741;7.463634;0.601394
93.559707;-33.456524;-7.491214;4.005834;-0.013116;7.479725;0.425334
93.759621;-33.586544;-7.643072;4.002575;-0.019498;7.491085;0.252189
93.959535;-33.717128;-7.794392;3.998039;-0.025885;7.497812;0.082085
94.159449;-33.848470;-7.945006;3.992228;-0.032276;7.500000;0.000000
94.359363;-33.980760;-8.094748;3.985140;-0.038668;7.500000;0.000000
94.559277;-34.114191;-8.243451;3.976777;-0.045052;7.500000;0.000000
94.759191;-34.248931;-8.390923;3.967253;-0.048090;7.500000;0.000000
94.959104;-34.385035;-8.537074;3.958002;-0.044554;7.500000;0.000000
95.159018;-34.522460;-8.682034;3.949456;-0.041014;7.500000;0.000000
95.358932;-34.661099;-8.825896;3.941615;-0.037474;7.500000;0.000000
95.558846;-34.800849;-8.968754;3.934480;-0.033936;7.500000;0.000000
95.758760;-34.941605;-9.110701;3.928049;-0.030403;7.500000;0.000000
95.958674;-35.083262;-9.251831;3.922322;-0.026876;7.500000;0.000000
96.158588;-35.225716;-9.392238;3.917299;-0.023356;7.500000;0.000000
96.358502;-35.368863;-9.532015;3.912977;-0.019844;7.500000;0.000000
96.558416;-35.512598;-9.671255;3.909357;-0.016339;7.500000;0.000000
96.758330;-35.656848;-9.810073;3.906208;-0.017837;7.500000;0.000000
96.958244;-35.801647;-9.948410;3.901889;-0.025303;7.500000;0.000000
97.158157;-35.947126;-10.085994;3.896073;-0.032794;7.500000;0.000000
97.358071;-36.093461;-10.222578;3.888756;-0.040319;7.500000;0.000000
97.557985;-36.240824;-10.357914;3.879933;-0.047886;7.500000;0.000000
97.757899;-36.389392;-10.491755;3.869597;-0.055498;7.500000;0.000000
97.957813;-36.539337;-10.623853;3.857742;-0.063151;7.500000;0.000000
98.157727;-36.690835;-10.753962;3.844364;-0.070839;7.500000;0.000000
98.357641;-36.844060;-10.881833;3.829457;-0.078547;7.500000;0.000000
98.557555;-36.999186;-11.007220;3.813021;-0.086252;7.500000;0.000000
98.757469;-37.156558;-11.130023;3.795425;-0.087226;7.500000;0.000000
98.957383;-37.316145;-11.250150;3.778392;-0.083308;7.500000;0.000000
99.157296;-37.477711;-11.367607;3.762146;-0.079360;7.500000;0.000000
99.357210;-37.641144;-11.482505;3.746686;-0.075398;7.500000;0.000000
99.557124;-37.806331;-11.594957;3.732016;-0.071433;7.500000;0.000000
99.757038;-37.973158;-11.705074;3.718132;-0.067476;7.500000;0.000000
99.956952;-38.141515;-11.812967;3.705034;-0.063534;7.500000;0.000000
100.156866;-38.311287;-11.918749;3.692718;-0.059612;7.500000;0.000000
100.356780;-38.482363;-12.022531;3.681180;-0.055716;7.500000;0.000000
100.556694;-38.654629;-12.124425;3.670416;-0.051848;7.500000;0.000000
100.756608;-38.827654;-12.224357;3.660365;-0.049048;7.500000;0.000000
100.956522;-39.001560;-12.322538;3.650810;-0.046647;7.500000;0.000000
101.156435;-39.176413;-12.419117;3.641732;-0.044245;7.500000;0.000000
101.356349;-39.352162;-12.514172;3.633131;-0.041845;7.500000;0.000000
101.556263;-39.528752;-12.607782;3.625007;-0.039448;7.500000;0.000000
101.756177;-39.706128;-12.700025;3.617360;-0.037056;7.500000;0.000000
101.956091;-39.884238;-12.790979;3.610188;-0.034671;7.500000;-0.030932
102.156005;-40.063027;-12.880722;3.603490;-0.032294;7.499175;-0.238113
102.355919;-40.242442;-12.969333;3.597265;-0.029924;7.492825;-0.449429
102.555833;-40.422428;-13.056889;3.591512;-0.027562;7.480824;-0.665024
102.755747;-40.602952;-13.143455;3.585870;-0.029486;7.463031;-0.885408
102.955661;-40.783997;-13.228961;3.579691;-0.032239;7.439276;-1.111510
103.155575;-40.965571;-13.313287;3.572959;-0.035015;7.409346;-1.344388
103.355488;-41.147684;-13.396317;3.565671;-0.037817;7.372984;-1.585331
103.555402;-41.330349;-13.477934;3.557822;-0.040647;7.329873;-1.807870
103.755316;-41.513574;-13.558021;3.549409;-0.043506;7.280398;-2.009208
103.955230;-41.697372;-13.636461;3.540427;-0.046396;7.225016;-2.188582
104.155144;-41.881753;-13.713138;3.530871;-0.049318;7.164203;-2.344654
104.355058;-42.066727;-13.787934;3.520736;-0.052272;7.098475;-2.475638
104.554972;-42.252306;-13.860733;3.510019;-0.055256;7.028408;-2.579462
104.754886;-42.438443;-13.931390;3.498616;-0.059324;6.954651;-2.654029
104.954800;-42.625304;-13.999808;3.486409;-0.063346;6.877937;-2.697611
105.154714;-42.813009;-14.065865;3.473413;-0.067252;6.799076;-2.709434
105.354627;-43.001674;-14.129435;3.459646;-0.071017;6.718938;-2.697500
105.554541;-43.191417;-14.190394;3.445131;-0.074618;6.638192;-2.682770
105.754455;-43.382355;-14.248617;3.429892;-0.078030;6.556901;-2.679704
105.954369;-43.574603;-14.303979;3.413957;-0.081227;6.474684;-2.685331
106.154283;-43.768279;-14.356355;3.397359;-0.084186;6.391233;-2.696432
106.354197;-43.963500;-14.405621;3.380132;-0.086883;6.306326;-2.709141
106.554111;-44.160319;-14.451638;3.362310;-0.090885;6.219852;-2.715688
106.754025;-44.358010;-14.493923;3.341508;-0.115039;6.131946;-2.711711
106.953939;-44.556965;-14.531656;3.315674;-0.140325;6.042892;-2.692762
107.153853;-44.756729;-14.563688;3.284597;-0.167180;5.953142;-2.654459
107.353767;-44.956845;-14.588873;3.248014;-0.195908;5.863324;-2.616065
107.553680;-45.156857;-14.606065;3.205634;-0.226629;5.773439;-2.568936
107.753594;-45.356309;-14.614118;3.157172;-0.259195;5.683790;-2.468994
107.953508;-45.554745;-14.611885;3.102384;-0.293077;5.596275;-2.325622
108.153422;-45.751709;-14.598219;3.041133;-0.327245;5.512571;-2.125149
108.353336;-45.946744;-14.571974;2.973452;-0.360084;5.434956;-1.771323
108.553250;-46.139887;-14.531883;2.899510;-0.383827;5.369406;-1.432635
108.753164;-46.332807;-14.476346;2.823374;-0.375168;5.315799;-1.105674
108.953078;-46.521389;-14.406271;2.748407;-0.370620;5.274053;-0.786944
109.152992;-46.704357;-14.322257;2.673878;-0.370264;5.244139;-0.472764
109.352906;-46.880434;-14.224904;2.599047;-0.374110;5.226086;-0.159394
109.552819;-47.048341;-14.114814;2.523181;-0.382103;5.219985;0.157123
109.752733;-47.206803;-13.992585;2.445560;-0.394090;5.225999;0.460907
109.952647;-47.354541;-13.858820;2.365493;-0.409770;5.243601;0.752265
110.152561;-47.490277;-13.714117;2.282350;-0.428600;5.272203;1.032452
110.352475;-47.612735;-13.559077;2.195590;-0.449693;5.311208;1.301816
110.552389;-47.720023;-13.395397;2.106594;-0.440087;5.359984;1.559832
110.752303;-47.812181;-13.224737;2.027361;-0.375867;5.417850;1.805167
110.952217;-47.892156;-13.046629;1.960487;-0.309164;5.484054;2.035815
111.152131;-47.961853;-12.862236;1.906000;-0.244212;5.557772;2.207949
111.352045;-48.023178;-12.672719;1.863530;-0.182973;5.636632;2.275578
111.551959;-48.078037;-12.479241;1.832556;-0.125770;5.716770;2.325334
111.751872;-48.128335;-12.282964;1.812581;-0.071914;5.797516;2.373980
111.951786;-48.175978;-12.085051;1.803235;-0.020173;5.878808;2.434642
112.151700;-48.222873;-11.886664;1.804329;0.030938;5.961025;2.505748
112.351614;-48.270924;-11.688965;1.815885;0.082962;6.044476;2.585219
112.551528;-48.322109;-11.492672;1.836661;0.105397;6.129382;2.670008
112.751442;-48.377205;-11.298201;1.856637;0.092117;6.215856;2.752586
112.951356;-48.435611;-11.105741;1.873768;0.078107;6.303763;2.827919
113.151270;-48.496787;-10.914969;1.887964;0.063525;6.392817;2.890151
113.351184;-48.560190;-10.725559;1.899160;0.048509;6.482567;2.932673
113.551098;-48.625278;-10.537189;1.907305;0.033182;6.572385;2.975288
113.751011;-48.691511;-10.349533;1.912366;0.017650;6.662270;3.007725
113.950925;-48.758345;-10.162268;1.914321;0.002007;6.751919;2.974892
114.150839;-48.825240;-9.975069;1.913163;-0.013658;6.839434;2.881175
114.350753;-48.891654;-9.787613;1.908894;-0.029256;6.923137;2.731801
114.550667;-48.957079;-9.599565;1.902258;-0.032425;7.001577;2.531086
114.750581;-49.021382;-9.410848;1.896305;-0.027305;7.073477;2.332156
114.950495;-49.084726;-9.221573;1.891362;-0.022229;7.139085;2.135033
115.150409;-49.147291;-9.031834;1.887425;-0.017192;7.198624;1.939769
115.350323;-49.209252;-8.841730;1.884489;-0.012186;7.252293;1.746443
115.550237;-49.270789;-8.651355;1.882549;-0.007206;7.300277;1.555153
115.750151;-49.332079;-8.460806;1.881604;-0.002241;7.342740;1.366008
115.950064;-49.393299;-8.270180;1.881651;0.002715;7.379837;1.179127
116.149978;-49.454628;-8.079572;1.882691;0.007672;7.411710;0.994633
116.349892;-49.516242;-7.889079;1.884724;0.012636;7.438490;0.812653
116.549806;-49.578285;-7.698825;1.887224;0.010356;7.460298;0.633313
116.749720;-49.640697;-7.508773;1.888792;0.005314;7.477250;0.456740
116.949634;-49.703293;-7.318837;1.889350;0.000265;7.489451;0.283061
117.149548;-49.765886;-7.128948;1.888897;-0.004790;7.497003;0.112401
117.349462;-49.828284;-6.939037;1.887434;-0.009849;7.500000;0.000000
117.549376;-49.890299;-6.749032;1.884960;-0.014911;7.500000;0.000000
117.749290;-49.951741;-6.558865;1.881474;-0.019973;7.500000;0.000000
117.949203;-50.012419;-6.368464;1.876977;-0.025031;7.500000;0.000000
118.149117;-50.072145;-6.177762;1.871470;-0.030083;7.500000;0.000000
118.349031;-50.130728;-5.986687;1.864954;-0.035123;7.500000;0.000000
118.548945;-50.187982;-5.795301;1.858143;-0.031819;7.500000;0.000000
118.748859;-50.244025;-5.603535;1.852262;-0.027050;7.500000;0.000000
118.948773;-50.299043;-5.411424;1.847333;-0.022288;7.500000;0.000000
119.148687;-50.353217;-5.219027;1.843353;-0.017532;7.500000;0.000000
119.348601;-50.406727;-5.026403;1.840323;-0.012783;7.500000;0.000000
119.548515;-50.459754;-4.833609;1.838241;-0.008040;7.500000;0.000000
119.748429;-50.512478;-4.640705;1.837107;-0.003302;7.500000;0.000000
119.948342;-50.565079;-4.447749;1.836921;0.001434;7.500000;0.000000
120.148256;-50.617737;-4.254798;1.837681;0.006169;7.500000;0.000000
120.348170;-50.670634;-4.061912;1.839388;0.010905;7.500000;0.000000
120.548084;-50.723902;-3.869094;1.841093;0.005825;7.500000;0.000000
120.747998;-50.777390;-3.676351;1.841718;0.000420;7.500000;0.000000
120.947912;-50.830889;-3.483631;1.841261;-0.004987;7.500000;0.000000
121.147826;-50.884189;-3.290885;1.839723;-0.010398;7.500000;0.000000
121.347740;-50.937078;-3.098062;1.837102;-0.015816;7.500000;0.000000
121.547654;-50.989348;-2.905110;1.833399;-0.021240;7.500000;0.000000
121.747568;-51.040787;-2.711979;1.828611;-0.026671;7.500000;0.000000
121.947482;-51.091185;-2.518617;1.822738;-0.032107;7.500000;0.000000
122.147395;-51.140332;-2.324974;1.815781;-0.037547;7.500000;0.000000
122.347309;-51.188019;-2.130993;1.807744;-0.042216;7.500000;0.000000
122.547223;-51.234120;-1.936589;1.799638;-0.038919;7.500000;0.000000
122.747137;-51.278708;-1.741834;1.792193;-0.035612;7.500000;0.000000
122.947051;-51.321912;-1.546753;1.785408;-0.032297;7.500000;0.000000
123.146965;-51.363861;-1.351371;1.779286;-0.028979;7.500000;0.000000
123.346879;-51.404686;-1.155714;1.773826;-0.025659;7.500000;0.000000
123.546793;-51.444516;-0.959808;1.769028;-0.022341;7.500000;0.000000
123.746707;-51.483479;-0.763677;1.764892;-0.019025;7.500000;0.000000
123.946621;-51.521707;-0.567347;1.761418;-0.015712;7.500000;0.000000
124.146534;-51.559327;-0.370844;1.758605;-0.012404;7.500000;0.000000
124.346448;-51.596465;-0.174217;1.756411;-0.011110;7.500000;-0.050656
124.546362;-51.633127;0.022456;1.753568;-0.017320;7.498650;-0.164557
124.746276;-51.669111;0.219272;1.749481;-0.023536;7.494261;-0.273375
124.946190;-51.704165;0.416246;1.744149;-0.029768;7.486965;-0.377493
125.146104;-51.738041;0.613391;1.737569;-0.036019;7.476879;-0.477023
125.346018;-51.770486;0.810721;1.729739;-0.042294;7.464113;-0.570821
125.545932;-51.801250;1.008249;1.720655;-0.048592;7.448809;-0.657694
125.745846;-51.830083;1.205988;1.710314;-0.054913;7.431137;-0.736396
125.945760;-51.856734;1.403953;1.698712;-0.061249;7.411300;-0.805636
126.145674;-51.880953;1.602155;1.685849;-0.067593;7.389536;-0.864082
126.345587;-51.902504;1.800753;1.671708;-0.074081;7.366123;-0.910380
126.545501;-51.921132;1.999886;1.656209;-0.080916;7.341374;-0.943175
126.745415;-51.936530;2.199225;1.639343;-0.087805;7.315645;-0.961152
126.945329;-51.948423;2.398727;1.621103;-0.094733;7.289332;-0.963081
127.145243;-51.956535;2.598349;1.601482;-0.101678;7.262871;-0.963055
127.345157;-51.960589;2.798050;1.580480;-0.108609;7.236314;-0.962992
127.545071;-51.960311;2.997786;1.558098;-0.115484;7.209661;-0.955003
127.744985;-51.955424;3.197515;1.534346;-0.122256;7.183131;-0.939848
127.944899;-51.945654;3.397195;1.509240;-0.128866;7.156927;-0.918341
128.144813;-51.930723;3.596782;1.482805;-0.135247;7.131228;-0.891318
128.344726;-51.910377;3.796067;1.455088;-0.141551;7.106198;-0.859620
128.544640;-51.884368;3.994819;1.426029;-0.148479;7.081973;-0.824075
128.744554;-51.852430;4.192839;1.395499;-0.156030;7.058673;-0.785493
128.944468;-51.814316;4.389736;1.363398;-0.164191;7.036391;-0.744648
129.144382;-51.769775;4.585118;1.329626;-0.172938;7.015202;-0.702287
129.344296;-51.718559;4.778592;1.294092;-0.182226;6.995161;-0.730261
129.544210;-51.660418;4.969768;1.256710;-0.191985;6.974259;-0.774559
129.744124;-51.595104;5.158254;1.217405;-0.202116;6.952021;-0.818743
129.944038;-51.522368;5.343658;1.176119;-0.212482;6.928438;-0.860365
130.143952;-51.441960;5.525587;1.132814;-0.222906;6.903568;-0.897659
130.343866;-51.353630;5.703699;1.087988;-0.224322;6.877524;-0.928722
130.543779;-51.257436;5.877728;1.043865;-0.219423;6.850475;-0.905402
130.743693;-51.153677;6.047496;1.000696;-0.214482;6.824002;-0.814687
130.943607;-51.042645;6.212861;0.958460;-0.209598;6.800093;-0.716480
131.143521;-50.924631;6.373676;0.917124;-0.204852;6.778997;-0.623126
131.343435;-50.799927;6.529797;0.876647;-0.200315;6.760596;-0.517272
131.543349;-50.668824;6.681080;0.836977;-0.196044;6.745283;-0.391551
131.743263;-50.531615;6.827379;0.798055;-0.192089;6.733668;-0.245900
131.943177;-50.388591;6.968550;0.759819;-0.188485;6.726364;-0.233089
132.143091;-50.240043;7.104448;0.722200;-0.185264;6.719433;-0.303359
132.343005;-50.086332;7.234864;0.685012;-0.184305;6.710401;-0.425932
132.542918;-49.927764;7.359565;0.647775;-0.185027;6.697700;-0.603373
132.742832;-49.764675;7.478242;0.610294;-0.186776;6.679666;-0.837404
132.942746;-49.597428;7.590562;0.572401;-0.189552;6.654556;-1.129058
133.142660;-49.426385;7.696190;0.533928;-0.193362;6.620551;-1.474810
133.342574;-49.251910;7.794794;0.494705;-0.198215;6.575867;-1.785096
133.542488;-49.074364;7.886041;0.454563;-0.204122;6.521372;-2.061386
133.742402;-48.894112;7.969596;0.413332;-0.211090;6.457871;-2.310717
133.942316;-48.711514;8.045128;0.370841;-0.219119;6.385938;-2.529340
134.142230;-48.526934;8.112302;0.326924;-0.228194;6.306259;-2.710728
134.342144;-48.339350;8.171285;0.282815;-0.216576;6.219733;-2.846075
134.542057;-48.149824;8.222139;0.242085;-0.198092;6.127572;-2.925884
134.741971;-47.958505;8.265587;0.205215;-0.177464;6.031359;-2.944196
134.941885;-47.765281;8.302442;0.172453;-0.155467;5.932969;-2.927077
135.141799;-47.570040;8.333516;0.143954;-0.132788;5.833506;-2.910483
135.341713;-47.372670;8.359619;0.119791;-0.109995;5.732896;-2.844024
135.541627;-47.173058;8.381566;0.099970;-0.087530;5.632848;-2.692369
135.741541;-46.971092;8.400166;0.084446;-0.065719;5.536469;-2.517486
135.941455;-46.766660;8.416234;0.073136;-0.044786;5.444808;-2.344716
136.141369;-46.559719;8.430575;0.065939;-0.023419;5.358027;-2.184724
136.341283;-46.352135;8.444179;0.066858;0.031818;5.275883;-2.045588
136.541197;-46.143707;8.459229;0.079221;0.086755;5.197793;-1.934253
136.741110;-45.936162;8.478009;0.103271;0.144937;5.122859;-1.889466
136.941024;-45.731229;8.502799;0.139723;0.209710;5.048586;-1.851636
137.140938;-45.530636;8.535883;0.189717;0.284104;4.974725;-1.823541
137.340852;-45.336112;8.579543;0.254719;0.370215;4.900896;-1.755555
137.540766;-45.149386;8.636062;0.336287;0.467778;4.828754;-1.661887
137.740680;-44.972185;8.707722;0.435618;0.571731;4.759454;-1.553223
137.940594;-44.806238;8.796805;0.552798;0.669512;4.693759;-1.435173
138.140508;-44.653037;8.905784;0.685772;0.720332;4.632230;-1.217963
138.340422;-44.513197;9.036696;0.816755;0.647111;4.579364;-0.963387
138.540336;-44.388843;9.186372;0.936211;0.581985;4.537113;-0.692084
138.740249;-44.280624;9.351971;1.045999;0.529934;4.506515;-0.400959
138.940163;-44.189193;9.530647;1.148399;0.492550;4.488693;-0.086704
139.140077;-44.115203;9.719558;1.245817;0.469854;4.484829;0.254595
139.339991;-44.059304;9.915860;1.340654;0.461449;4.496164;0.625122
139.539905;-44.022148;10.116709;1.435281;0.467097;4.523873;0.977878
139.739819;-44.004387;10.319263;1.532063;0.486901;4.566882;1.318586
139.939733;-44.006674;10.520678;1.633381;0.521170;4.624243;1.649853
140.139647;-44.029509;10.717437;1.739882;0.532605;4.695027;1.971230
140.339561;-44.071920;10.907758;1.838301;0.473565;4.778224;2.278944
140.539475;-44.131657;11.093332;1.923836;0.402519;4.872639;2.565677
140.739389;-44.206273;11.274802;1.995519;0.328094;4.976791;2.821208
140.939302;-44.293319;11.452813;2.053294;0.255698;5.088855;3.035653
141.139216;-44.390350;11.628009;2.097607;0.187723;5.206744;3.207897
141.339130;-44.494919;11.801034;2.129079;0.124417;5.328488;3.283500
141.539044;-44.604577;11.972534;2.148279;0.064756;5.450286;3.310099
141.738958;-44.716879;12.143152;2.155595;0.007054;5.570376;3.302275
141.938872;-44.829376;12.313531;2.151163;-0.050666;5.687656;3.272944
142.138786;-44.939677;12.484293;2.136589;-0.076259;5.801555;3.233291
142.338700;-45.046759;12.655726;2.121917;-0.068830;5.911921;3.193292
142.538614;-45.150950;12.827799;2.108855;-0.060969;6.018934;3.162318
142.738528;-45.252626;13.000452;2.097457;-0.052744;6.123067;3.149603
142.938441;-45.352166;13.173629;2.087768;-0.044222;6.225050;3.205207
143.138355;-45.449947;13.347272;2.079824;-0.035467;6.327147;3.259352
143.338269;-45.546346;13.521325;2.073652;-0.026540;6.429305;3.313593
143.538183;-45.641740;13.695729;2.069274;-0.017501;6.531526;3.313075
143.738097;-45.736508;13.870428;2.066699;-0.008405;6.632156;3.254280
143.938011;-45.831026;14.045363;2.065932;0.000691;6.729535;3.139009
144.137925;-45.925617;14.220411;2.066570;0.003340;6.822148;2.970776
144.337839;-46.020420;14.395579;2.067124;0.002231;6.908654;2.767860
144.537753;-46.115413;14.570914;2.067459;0.001130;6.988288;2.566803
144.737667;-46.210551;14.746420;2.067575;0.000035;7.061335;2.159724
144.937581;-46.305786;14.922103;2.067473;-0.001055;7.122217;1.728675
145.137494;-46.401072;15.097967;2.067154;-0.002140;7.170575;1.301542
145.337408;-46.496361;15.274018;2.066617;-0.003221;7.206770;0.878387
145.537322;-46.591607;15.450261;2.065864;-0.004299;7.231095;0.458823
145.737236;-46.686763;15.626701;2.064894;-0.005376;7.243769;0.042020
145.937150;-46.781782;15.803342;2.063708;-0.006451;7.244928;-0.373281
146.137064;-46.876630;15.980230;2.062142;-0.009698;7.234621;-0.788751
146.336978;-46.971154;16.157343;2.059795;-0.013686;7.212792;-1.203816
146.536892;-47.065169;16.334673;2.056646;-0.017699;7.179349;-1.619995
146.736806;-47.158496;16.512225;2.052690;-0.021753;7.134097;-2.039665
146.936720;-47.250954;16.690004;2.047921;-0.025860;7.076710;-2.449407
147.136633;-47.342364;16.868015;2.042330;-0.030034;7.007174;-2.838002
147.336547;-47.432548;17.046262;2.035907;-0.034286;6.925732;-3.178697
147.536461;-47.521325;17.224752;2.028641;-0.038631;6.833362;-3.365950
147.736375;-47.608516;17.403488;2.020518;-0.043079;6.734169;-3.527939
147.936289;-47.693941;17.582475;2.011524;-0.047641;6.628610;-3.657935
148.136203;-47.777448;17.761840;2.001163;-0.057796;6.517356;-3.747469
148.336117;-47.858750;17.941815;1.988680;-0.068578;6.401373;-3.786672
148.536031;-47.937570;18.122784;1.974107;-0.079005;6.282003;-3.765943
148.735945;-48.013633;18.305138;1.957508;-0.088917;6.160993;-3.694323
148.935859;-48.086665;18.489270;1.938966;-0.098155;6.039929;-3.622605
149.135772;-48.156391;18.675575;1.918589;-0.106559;5.918811;-3.505812
149.335686;-48.222537;18.864444;1.896503;-0.113982;5.799190;-3.351904
149.535600;-48.284830;19.056272;1.872857;-0.120291;5.682466;-3.172319
149.735514;-48.342994;19.251450;1.847817;-0.125379;5.569743;-2.977873
149.935428;-48.396757;19.450373;1.821567;-0.129168;5.461813;-2.777309
150.135342;-48.445549;19.652881;1.791970;-0.155618;5.359194;-2.577201
150.335256;-48.487947;19.857987;1.756233;-0.186470;5.262178;-2.382359
150.535170;-48.522219;20.064156;1.713528;-0.223356;5.170879;-2.196339
150.735084;-48.546631;20.269852;1.662780;-0.268141;5.085256;-2.021925
150.934998;-48.559452;20.473541;1.602672;-0.322754;5.005138;-1.709839
151.134912;-48.558947;20.673685;1.531672;-0.388827;4.936372;-1.381537
151.334825;-48.543384;20.868749;1.448143;-0.466869;4.880101;-1.065381
151.534739;-48.511030;21.057197;1.350585;-0.554742;4.836261;-0.765030
151.734653;-48.460151;21.237494;1.238082;-0.645541;4.804533;-0.476187
151.934567;-48.388835;21.408470;1.110806;-0.712245;4.784678;-0.194599
152.134481;-48.294491;21.571282;0.982433;-0.648295;4.776541;0.084055
152.334395;-48.179923;21.722737;0.866308;-0.573422;4.780057;0.364282
152.534309;-48.047334;21.862965;0.762870;-0.499098;4.795268;0.649147
152.734223;-47.898930;21.992091;0.671426;-0.432042;4.822255;0.897893
152.934137;-47.736916;22.110243;0.590676;-0.375077;4.859336;1.142299
153.134051;-47.563494;22.217548;0.519092;-0.328645;4.906106;1.402386
153.333964;-47.380871;22.314133;0.455132;-0.292059;4.962921;1.673132
153.533878;-47.191251;22.400126;0.397353;-0.264289;5.029866;1.954455
153.733792;-46.996837;22.475654;0.344429;-0.244393;5.106956;2.245065
153.933706;-46.801350;22.540395;0.295930;-0.221600;5.194096;2.542041
154.133620;-46.606767;22.595245;0.254840;-0.184330;5.291031;2.840237
154.333534;-46.411306;22.642585;0.221723;-0.144653;5.397279;3.131597
154.533448;-46.215234;22.684087;0.196829;-0.103572;5.512052;3.326928
154.733362;-46.018822;22.721426;0.180297;-0.061700;5.631422;3.329676
154.933276;-45.822337;22.756277;0.172203;-0.019343;5.748410;3.274655
155.133190;-45.626048;22.790313;0.172598;0.023384;5.861187;3.219975
155.333104;-45.430224;22.825209;0.181525;0.066427;5.970004;3.119441
155.533017;-45.235134;22.862638;0.199012;0.109652;6.073565;2.975514
155.732931;-45.041047;22.904275;0.225060;0.152706;6.170728;2.795955
155.932845;-44.848338;22.951708;0.258055;0.166810;6.260653;2.589987
156.132759;-44.657132;23.005512;0.290222;0.157072;6.342817;2.366422
156.332673;-44.467367;23.065365;0.320513;0.147397;6.416969;2.132992
156.532587;-44.279076;23.130889;0.348947;0.137875;6.483080;1.896248
156.732501;-44.092294;23.201708;0.375556;0.128571;6.541291;1.658646
156.932415;-43.907052;23.277445;0.400377;0.119529;6.591788;1.349679
157.132329;-43.723385;23.357724;0.423454;0.110774;6.632594;0.936476
157.332243;-43.541324;23.442167;0.444832;0.102315;6.660761;0.416880
157.532156;-43.360903;23.530397;0.464556;0.094147;6.673261;-0.058064
157.732070;-43.182156;23.622038;0.482671;0.086256;6.671522;-0.476783
157.931984;-43.004838;23.716904;0.500020;0.090327;6.657219;-0.837406
158.131898;-42.829312;23.814959;0.519222;0.100721;6.632025;-1.137781
158.331812;-42.656060;23.916397;0.540507;0.111362;6.597638;-1.376836
158.531726;-42.485411;24.021500;0.563912;0.122235;6.555786;-1.556637
158.731640;-42.317696;24.130546;0.589470;0.133303;6.508145;-1.724364
158.931554;-42.153244;24.243815;0.617206;0.144502;6.454959;-1.843988
159.131468;-41.992387;24.361589;0.647135;0.155738;6.397595;-1.950897
159.331382;-41.835453;24.484145;0.679260;0.166887;6.336340;-2.074608
159.531296;-41.682772;24.611765;0.713561;0.177787;6.270543;-2.209057
159.731209;-41.534676;24.744728;0.749997;0.188245;6.199715;-2.342107
159.931123;-41.390914;24.883555;0.784098;0.141564;6.123727;-2.464193
160.131037;-41.250805;25.026739;0.806380;0.081030;6.042746;-2.566145
160.330951;-41.112890;25.172339;0.816615;0.021116;5.957245;-2.637727
160.530865;-40.975598;25.318518;0.814856;-0.038708;5.868060;-2.874569
160.730779;-40.837357;25.463435;0.801072;-0.099104;5.769298;-2.861860
160.930693;-40.696596;25.605252;0.775155;-0.160498;5.669263;-2.663844
161.130607;-40.551744;25.742130;0.736981;-0.222660;5.574537;-2.429020
161.330521;-40.401229;25.872230;0.686522;-0.284271;5.486736;-2.175824
161.530435;-40.243480;25.993712;0.624022;-0.342529;5.406877;-1.909236
161.730348;-40.076926;26.104737;0.550206;-0.393051;5.335818;-1.633336
161.930262;-39.903120;26.202308;0.473483;-0.376129;5.274268;-1.356448
162.130176;-39.720884;26.287235;0.399103;-0.364827;5.222600;-1.100873
162.330090;-39.531808;26.358924;0.325857;-0.360629;5.180289;-0.864103
162.530004;-39.337549;26.416739;0.252592;-0.363307;5.146834;-0.643895
162.729918;-39.139767;26.460042;0.178174;-0.372762;5.121763;-0.438173
162.929832;-38.940119;26.488197;0.101478;-0.388982;5.104632;-0.242575
163.129746;-38.740264;26.500567;0.021384;-0.411939;5.095123;0.002599
163.329660;-38.541859;26.496514;-0.063204;-0.441411;5.095225;0.318993
163.529574;-38.346565;26.475403;-0.153318;-0.476713;5.107725;0.697595
163.729487;-38.156038;26.436595;-0.249839;-0.516319;5.134956;1.039691
