#x_m,y_m,w_tr_right_m,w_tr_left_m
-38.15603769831466,26.436595375461707,1.254775286859216,1.1625
-38.09353769831466,26.374095375461707,1.2068700165228052,1.2068700165228052
-37.96853769831466,26.374095375461707,1.2405505935508359,1.1811388300841896
-37.90603769831466,26.311595375461707,1.202000702247037,1.2225943732183961
-37.78103769831466,26.311595375461707,1.2405505935508359,1.1811388300841896
-37.71853769831466,26.249095375461707,1.202000702247037,1.2213902213841057
-37.65603769831466,26.249095375461707,1.225,1.1934435979977454
-37.59353769831466,26.186595375461707,1.1934435979977454,1.2129359875704924
-37.53103769831466,26.186595375461707,1.2213902213841057,1.1774286830154952
-37.46853769831466,26.124095375461707,1.1971165423975796,1.1971165423975796
-37.40603769831466,26.124095375461707,1.2298006013006622,1.1662455107677085
-37.28103769831466,25.999095375461707,1.2007810593582122,1.2129359875704924
-37.21853769831466,25.999095375461707,1.2405505935508359,1.1774286830154952
-36.78103769831466,25.561595375461707,1.190990257669732,1.2129359875704924
-36.71853769831466,25.561595375461707,1.2351844314938911,1.1774286830154952
-36.03103769831466,24.874095375461707,1.190990257669732,1.2129359875704924
-35.96853769831466,24.874095375461707,1.2351844314938911,1.1774286830154952
-35.34353769831466,24.249095375461707,1.1934435979977454,1.2129359875704924
-35.28103769831466,24.249095375461707,1.2357815410378001,1.1774286830154952
-34.65603769831466,23.624095375461707,1.1934435979977454,1.2129359875704924
-34.59353769831466,23.624095375461707,1.2357815410378001,1.1774286830154952
-33.96853769831466,22.999095375461707,1.190990257669732,1.2129359875704924
-33.90603769831466,22.999095375461707,1.2351844314938911,1.1774286830154952
-33.28103769831466,22.374095375461707,1.190990257669732,1.2129359875704924
-33.21853769831466,22.374095375461707,1.2351844314938911,1.1774286830154952
-32.71853769831466,21.874095375461707,1.190990257669732,1.2129359875704924
-32.65603769831466,21.874095375461707,1.2351844314938911,1.1774286830154952
-32.09353769831466,21.311595375461707,1.190990257669732,1.2129359875704924
-32.03103769831466,21.311595375461707,1.2351844314938911,1.1774286830154952
-31.593537698314663,20.874095375461707,1.190990257669732,1.2129359875704924
-31.531037698314663,20.874095375461707,1.2351844314938911,1.1774286830154952
-31.093537698314663,20.436595375461707,1.190990257669732,1.2129359875704924
-31.031037698314663,20.436595375461707,1.2351844314938911,1.1774286830154952
-30.656037698314663,20.061595375461707,1.190990257669732,1.2129359875704924
-30.593537698314663,20.061595375461707,1.2351844314938911,1.1774286830154952
-30.281037698314663,19.749095375461707,1.1934435979977454,1.2129359875704924
-30.218537698314663,19.749095375461707,1.2357815410378001,1.1774286830154952
-29.906037698314663,19.436595375461707,1.190990257669732,1.2129359875704924
-29.843537698314663,19.436595375461707,1.2351844314938911,1.1774286830154952
-29.531037698314663,19.124095375461707,1.190990257669732,1.2129359875704924
-29.468537698314663,19.124095375461707,1.2298006013006622,1.1774286830154952
-29.218537698314663,18.874095375461707,1.190990257669732,1.2129359875704924
-29.156037698314663,18.874095375461707,1.2298006013006622,1.1774286830154952
-28.906037698314663,18.624095375461707,1.190990257669732,1.2129359875704924
-28.843537698314663,18.624095375461707,1.2298006013006622,1.1774286830154952
-28.593537698314663,18.374095375461707,1.190990257669732,1.2129359875704924
-28.531037698314663,18.374095375461707,1.2298006013006622,1.1774286830154952
-28.343537698314663,18.186595375461707,1.1934435979977454,1.2129359875704924
-28.281037698314663,18.186595375461707,1.2357815410378001,1.1774286830154952
-28.031037698314663,17.936595375461707,1.1934435979977454,1.2129359875704924
-27.968537698314663,17.936595375461707,1.2298006013006622,1.1774286830154952
-27.781037698314663,17.749095375461707,1.1934435979977454,1.2129359875704924
-27.718537698314663,17.749095375461707,1.2357815410378001,1.1774286830154952
-27.531037698314663,17.561595375461707,1.2007810593582122,1.2129359875704924
-27.468537698314663,17.561595375461707,1.2405505935508359,1.1774286830154952
-27.218537698314663,17.311595375461707,1.1934435979977454,1.2129359875704924
-27.156037698314663,17.311595375461707,1.2298006013006622,1.1774286830154952
-26.968537698314663,17.124095375461707,1.1934435979977454,1.2129359875704924
-26.906037698314663,17.124095375461707,1.2298006013006622,1.1774286830154952
-26.718537698314663,16.936595375461707,1.1934435979977454,1.2129359875704924
-26.656037698314663,16.936595375461707,1.2298006013006622,1.1774286830154952
-26.531037698314663,16.811595375461707,1.1971165423975796,1.2129359875704924
-26.468537698314663,16.811595375461707,1.2298006013006622,1.1774286830154952
-26.281037698314663,16.624095375461707,1.1934435979977454,1.2129359875704924
-26.218537698314663,16.624095375461707,1.2298006013006622,1.1774286830154952
-26.031037698314663,16.436595375461707,1.1934435979977454,1.2129359875704924
-25.968537698314663,16.436595375461707,1.2298006013006622,1.1774286830154952
-25.843537698314663,16.311595375461707,1.1971165423975796,1.2129359875704924
-25.781037698314663,16.311595375461707,1.2298006013006622,1.1774286830154952
-25.656037698314663,16.186595375461707,1.1971165423975796,1.2129359875704924
-25.593537698314663,16.186595375461707,1.2298006013006622,1.1774286830154952
-25.468537698314663,16.061595375461707,1.2007810593582122,1.2129359875704924
-25.406037698314663,16.061595375461707,1.2405505935508359,1.1774286830154952
-25.218537698314663,15.874095375461707,1.1971165423975796,1.2129359875704924
-25.156037698314663,15.874095375461707,1.2298006013006622,1.1774286830154952
-25.031037698314663,15.749095375461707,1.1971165423975796,1.2129359875704924
-24.968537698314663,15.749095375461707,1.2298006013006622,1.1774286830154952
-24.843537698314663,15.624095375461707,1.1934435979977454,1.2213902213841057
-24.781037698314663,15.624095375461707,1.2213902213841057,1.1934435979977454
-24.718537698314663,15.561595375461707,1.1971165423975796,1.2129359875704924
-24.656037698314663,15.561595375461707,1.2298006013006622,1.1774286830154952
-24.531037698314663,15.436595375461707,1.1971165423975796,1.2129359875704924
-24.468537698314663,15.436595375461707,1.2298006013006622,1.1774286830154952
-24.343537698314663,15.311595375461707,1.1934435979977454,1.2213902213841057
-24.281037698314663,15.311595375461707,1.2213902213841057,1.1934435979977454
-24.218537698314663,15.249095375461707,1.1971165423975796,1.2129359875704924
-24.156037698314663,15.249095375461707,1.2298006013006622,1.1774286830154952
-24.031037698314663,15.124095375461707,1.1934435979977454,1.2213902213841057
-23.968537698314663,15.124095375461707,1.2213902213841057,1.1934435979977454
-23.906037698314663,15.061595375461707,1.1934435979977454,1.2129359875704924
-23.843537698314663,15.061595375461707,1.2213902213841057,1.1774286830154952
-23.781037698314663,14.999095375461707,1.1971165423975796,1.1971165423975796
-23.718537698314663,14.999095375461707,1.2298006013006622,1.1662455107677085
-23.593537698314663,14.874095375461707,1.1934435979977454,1.2213902213841057
-23.531037698314663,14.874095375461707,1.2213902213841057,1.1934435979977454
-23.468537698314663,14.811595375461707,1.1934435979977454,1.2213902213841057
-23.406037698314663,14.811595375461707,1.2213902213841057,1.1934435979977454
-23.343537698314663,14.749095375461707,1.1934435979977454,1.2213902213841057
-23.281037698314663,14.749095375461707,1.2213902213841057,1.1934435979977454
-23.218537698314663,14.686595375461707,1.1934435979977454,1.2213902213841057
-23.156037698314663,14.686595375461707,1.2213902213841057,1.1934435979977454
-23.093537698314663,14.624095375461707,1.1811388300841896,1.2213902213841057
-23.031037698314663,14.624095375461707,1.202000702247037,1.1934435979977454
-22.968537698314663,14.561595375461707,1.1674920254980568,1.225
-22.843537698314663,14.561595375461707,1.2213902213841057,1.1811388300841896
-22.781037698314663,14.499095375461707,1.1811388300841896,1.2213902213841057
-22.718537698314663,14.499095375461707,1.202000702247037,1.1934435979977454
-22.656037698314663,14.436595375461707,1.1674920254980568,1.225
-22.531037698314663,14.436595375461707,1.2213902213841057,1.1811388300841896
-22.468537698314663,14.374095375461707,1.1811388300841896,1.2225943732183961
-22.281037698314663,14.374095375461707,1.2405505935508359,1.1625
-22.218537698314663,14.311595375461707,1.1934435979977454,1.2068700165228052
-22.093537698314663,14.311595375461707,1.2225943732183961,1.1811388300841896
-22.031037698314663,14.249095375461707,1.1811388300841896,1.2225943732183961
-21.843537698314663,14.249095375461707,1.2405505935508359,1.1625
-21.781037698314663,14.186595375461707,1.1934435979977454,1.202000702247037
-21.656037698314663,14.186595375461707,1.2225943732183961,1.1625
-21.593537698314663,14.124095375461707,1.1811388300841896,1.2068700165228052
-21.468537698314663,14.124095375461707,1.2225943732183961,1.1811388300841896
-21.406037698314663,14.061595375461707,1.1811388300841896,1.2225943732183961
-21.218537698314663,14.061595375461707,1.2405505935508359,1.1625
-21.156037698314663,13.999095375461707,1.1934435979977454,1.2068700165228052
-21.031037698314663,13.999095375461707,1.2225943732183961,1.1811388300841896
-20.968537698314663,13.936595375461707,1.1811388300841896,1.2225943732183961
-20.781037698314663,13.936595375461707,1.2405505935508359,1.1625
-20.718537698314663,13.874095375461707,1.1934435979977454,1.2068700165228052
-20.593537698314663,13.874095375461707,1.2225943732183961,1.1811388300841896
-20.531037698314663,13.811595375461707,1.1811388300841896,1.2225943732183961
-20.406037698314663,13.811595375461707,1.2225943732183961,1.1811388300841896
-20.343537698314663,13.749095375461707,1.1811388300841896,1.2225943732183961
-20.156037698314663,13.749095375461707,1.2405505935508359,1.1625
-20.093537698314663,13.686595375461707,1.1934435979977454,1.2068700165228052
-19.968537698314663,13.686595375461707,1.2225943732183961,1.1811388300841896
-19.906037698314663,13.624095375461707,1.1811388300841896,1.2225943732183961
-19.718537698314663,13.624095375461707,1.2405505935508359,1.1625
-19.656037698314663,13.561595375461707,1.1934435979977454,1.2068700165228052
-19.531037698314663,13.561595375461707,1.2225943732183961,1.1811388300841896
-19.468537698314663,13.499095375461707,1.1811388300841896,1.2225943732183961
-19.281037698314663,13.499095375461707,1.2405505935508359,1.1625
-19.218537698314663,13.436595375461707,1.1934435979977454,1.202000702247037
-19.093537698314663,13.436595375461707,1.2225943732183961,1.1625
-19.031037698314663,13.374095375461707,1.1811388300841896,1.2068700165228052
-18.906037698314663,13.374095375461707,1.2225943732183961,1.1811388300841896
-18.843537698314663,13.311595375461707,1.1811388300841896,1.2225943732183961
-18.656037698314663,13.311595375461707,1.2405505935508359,1.1625
-18.593537698314663,13.249095375461707,1.1934435979977454,1.2068700165228052
-18.468537698314663,13.249095375461707,1.2225943732183961,1.1811388300841896
-18.406037698314663,13.186595375461707,1.1811388300841896,1.2225943732183961
-18.218537698314663,13.186595375461707,1.2405505935508359,1.1625
-18.156037698314663,13.124095375461707,1.1934435979977454,1.2068700165228052
-18.031037698314663,13.124095375461707,1.2225943732183961,1.1811388300841896
-17.968537698314663,13.061595375461707,1.1811388300841896,1.2225943732183961
-17.843537698314663,13.061595375461707,1.2225943732183961,1.1811388300841896
-17.781037698314663,12.999095375461707,1.1811388300841896,1.2225943732183961
-17.593537698314663,12.999095375461707,1.2405505935508359,1.1625
-17.531037698314663,12.936595375461707,1.1934435979977454,1.2068700165228052
-17.406037698314663,12.936595375461707,1.2225943732183961,1.1811388300841896
-17.343537698314663,12.874095375461707,1.1811388300841896,1.2225943732183961
-17.156037698314663,12.874095375461707,1.2405505935508359,1.1625
-17.093537698314663,12.811595375461707,1.1934435979977454,1.2068700165228052
-16.968537698314663,12.811595375461707,1.2225943732183961,1.1811388300841896
-16.906037698314663,12.749095375461707,1.1811388300841896,1.2225943732183961
-16.781037698314663,12.749095375461707,1.2225943732183961,1.1811388300841896
-16.718537698314663,12.686595375461707,1.1811388300841896,1.2225943732183961
-16.531037698314663,12.686595375461707,1.2405505935508359,1.1625
-16.468537698314663,12.624095375461707,1.1934435979977454,1.2068700165228052
-16.343537698314663,12.624095375461707,1.2225943732183961,1.1811388300841896
-16.281037698314663,12.561595375461707,1.1811388300841896,1.2225943732183961
-16.093537698314663,12.561595375461707,1.2405505935508359,1.1625
-16.031037698314663,12.499095375461707,1.1934435979977454,1.2068700165228052
-15.906037698314663,12.499095375461707,1.2225943732183961,1.1811388300841896
-15.843537698314663,12.436595375461707,1.1811388300841896,1.2225943732183961
-15.656037698314663,12.436595375461707,1.2405505935508359,1.1625
-15.593537698314663,12.374095375461707,1.1934435979977454,1.202000702247037
-15.468537698314663,12.374095375461707,1.2225943732183961,1.1625
-15.406037698314663,12.311595375461707,1.1811388300841896,1.2068700165228052
-15.281037698314663,12.311595375461707,1.2225943732183961,1.1811388300841896
-15.218537698314663,12.249095375461707,1.1811388300841896,1.2225943732183961
-15.031037698314663,12.249095375461707,1.2405505935508359,1.1625
-14.968537698314663,12.186595375461707,1.1934435979977454,1.2068700165228052
-14.843537698314663,12.186595375461707,1.2225943732183961,1.1811388300841896
-14.781037698314663,12.124095375461707,1.1811388300841896,1.2225943732183961
-14.593537698314663,12.124095375461707,1.2405505935508359,1.1625
-14.531037698314663,12.061595375461707,1.1934435979977454,1.2068700165228052
-14.406037698314663,12.061595375461707,1.2225943732183961,1.1811388300841896
-14.343537698314663,11.999095375461707,1.1811388300841896,1.2225943732183961
-14.218537698314663,11.999095375461707,1.2225943732183961,1.1811388300841896
-14.156037698314663,11.936595375461707,1.1811388300841896,1.2225943732183961
-13.968537698314663,11.936595375461707,1.2405505935508359,1.1625
-13.906037698314663,11.874095375461707,1.1934435979977454,1.2068700165228052
-13.781037698314663,11.874095375461707,1.2225943732183961,1.1811388300841896
-13.718537698314663,11.811595375461707,1.1811388300841896,1.2225943732183961
-13.531037698314663,11.811595375461707,1.2405505935508359,1.1625
-13.468537698314663,11.749095375461707,1.1934435979977454,1.2068700165228052
-13.343537698314663,11.749095375461707,1.2225943732183961,1.1811388300841896
-13.281037698314663,11.686595375461707,1.1811388300841896,1.2225943732183961
-13.156037698314663,11.686595375461707,1.2225943732183961,1.1811388300841896
-13.093537698314663,11.624095375461707,1.1811388300841896,1.2225943732183961
-12.906037698314663,11.624095375461707,1.2405505935508359,1.1625
-12.843537698314663,11.561595375461707,1.1934435979977454,1.2068700165228052
-12.718537698314663,11.561595375461707,1.2225943732183961,1.1811388300841896
-12.656037698314663,11.499095375461707,1.1811388300841896,1.2225943732183961
-12.468537698314663,11.499095375461707,1.2405505935508359,1.1625
-12.406037698314663,11.436595375461707,1.1934435979977454,1.2068700165228052
-12.281037698314663,11.436595375461707,1.2225943732183961,1.1811388300841896
-12.218537698314663,11.374095375461707,1.1811388300841896,1.2225943732183961
-12.031037698314663,11.374095375461707,1.2405505935508359,1.1625
-11.968537698314663,11.311595375461707,1.1934435979977454,1.202000702247037
-11.843537698314663,11.311595375461707,1.2225943732183961,1.1625
-11.781037698314663,11.249095375461707,1.1811388300841896,1.2068700165228052
-11.656037698314663,11.249095375461707,1.2225943732183961,1.1811388300841896
-11.593537698314663,11.186595375461707,1.1811388300841896,1.2225943732183961
-11.406037698314663,11.186595375461707,1.2405505935508359,1.1625
-11.343537698314663,11.124095375461707,1.1934435979977454,1.2068700165228052
-11.218537698314663,11.124095375461707,1.2225943732183961,1.1811388300841896
-11.156037698314663,11.061595375461707,1.1811388300841896,1.2225943732183961
-10.968537698314663,11.061595375461707,1.2405505935508359,1.1625
-10.906037698314663,10.999095375461707,1.1934435979977454,1.2068700165228052
-10.781037698314663,10.999095375461707,1.2225943732183961,1.1811388300841896
-10.718537698314663,10.936595375461707,1.1811388300841896,1.2225943732183961
-10.593537698314663,10.936595375461707,1.2225943732183961,1.1811388300841896
-10.531037698314663,10.874095375461707,1.1811388300841896,1.2225943732183961
-10.343537698314663,10.874095375461707,1.2405505935508359,1.1625
-10.281037698314663,10.811595375461707,1.1934435979977454,1.2068700165228052
-10.156037698314663,10.811595375461707,1.2225943732183961,1.1811388300841896
-10.093537698314663,10.749095375461707,1.1811388300841896,1.2225943732183961
-9.906037698314663,10.749095375461707,1.2405505935508359,1.1625
-9.843537698314663,10.686595375461707,1.1934435979977454,1.2068700165228052
-9.718537698314663,10.686595375461707,1.2225943732183961,1.1811388300841896
-9.656037698314663,10.624095375461707,1.1811388300841896,1.2225943732183961
-9.531037698314663,10.624095375461707,1.2225943732183961,1.1811388300841896
-9.468537698314663,10.561595375461707,1.1811388300841896,1.2225943732183961
-9.281037698314663,10.561595375461707,1.2405505935508359,1.1625
-9.218537698314663,10.499095375461707,1.1934435979977454,1.2068700165228052
-9.093537698314663,10.499095375461707,1.2225943732183961,1.1811388300841896
-9.031037698314663,10.436595375461707,1.1811388300841896,1.2225943732183961
-8.843537698314663,10.436595375461707,1.2405505935508359,1.1625
-8.781037698314663,10.374095375461707,1.1934435979977454,1.2068700165228052
-8.656037698314663,10.374095375461707,1.2225943732183961,1.1811388300841896
-8.593537698314663,10.311595375461707,1.1811388300841896,1.2225943732183961
-8.406037698314663,10.311595375461707,1.2405505935508359,1.1625
-8.343537698314663,10.249095375461707,1.1934435979977454,1.202000702247037
-8.218537698314663,10.249095375461707,1.2225943732183961,1.1625
-8.156037698314663,10.186595375461707,1.1811388300841896,1.2068700165228052
-8.031037698314663,10.186595375461707,1.2225943732183961,1.1811388300841896
-7.9685376983146625,10.124095375461707,1.1811388300841896,1.2225943732183961
-7.7810376983146625,10.124095375461707,1.2405505935508359,1.1625
-7.7185376983146625,10.061595375461707,1.1934435979977454,1.2068700165228052
-7.5935376983146625,10.061595375461707,1.2225943732183961,1.1811388300841896
-7.5310376983146625,9.999095375461707,1.1811388300841896,1.2225943732183961
-7.3435376983146625,9.999095375461707,1.2405505935508359,1.1625
-7.2810376983146625,9.936595375461707,1.1934435979977454,1.2068700165228052
-7.1560376983146625,9.936595375461707,1.2225943732183961,1.1811388300841896
-7.0935376983146625,9.874095375461707,1.1811388300841896,1.2225943732183961
-6.9685376983146625,9.874095375461707,1.2225943732183961,1.1811388300841896
-6.9060376983146625,9.811595375461707,1.1811388300841896,1.2225943732183961
-6.7185376983146625,9.811595375461707,1.2405505935508359,1.1625
-6.6560376983146625,9.749095375461707,1.1934435979977454,1.2068700165228052
-6.5310376983146625,9.749095375461707,1.2225943732183961,1.1811388300841896
-6.4685376983146625,9.686595375461707,1.1811388300841896,1.2225943732183961
-6.2810376983146625,9.686595375461707,1.2405505935508359,1.1625
-6.2185376983146625,9.624095375461707,1.1934435979977454,1.2068700165228052
-6.0935376983146625,9.624095375461707,1.2225943732183961,1.1811388300841896
-6.0310376983146625,9.561595375461707,1.1811388300841896,1.2225943732183961
-5.8435376983146625,9.561595375461707,1.2405505935508359,1.1625
-5.7810376983146625,9.499095375461707,1.1934435979977454,1.202000702247037
-5.6560376983146625,9.499095375461707,1.2225943732183961,1.1625
-5.5935376983146625,9.436595375461707,1.1811388300841896,1.2068700165228052
-5.4685376983146625,9.436595375461707,1.2225943732183961,1.1811388300841896
-5.4060376983146625,9.374095375461707,1.1811388300841896,1.2225943732183961
-5.2185376983146625,9.374095375461707,1.2405505935508359,1.1625
-5.1560376983146625,9.311595375461707,1.1934435979977454,1.2068700165228052
-5.0310376983146625,9.311595375461707,1.2225943732183961,1.1811388300841896
-4.9685376983146625,9.249095375461707,1.1811388300841896,1.2225943732183961
-4.7810376983146625,9.249095375461707,1.2405505935508359,1.1625
-4.7185376983146625,9.186595375461707,1.1934435979977454,1.202000702247037
-4.5935376983146625,9.186595375461707,1.2225943732183961,1.1625
-4.5310376983146625,9.124095375461707,1.1811388300841896,1.2068700165228052
-4.4060376983146625,9.124095375461707,1.2225943732183961,1.1811388300841896
-4.3435376983146625,9.061595375461707,1.1811388300841896,1.2225943732183961
-4.1560376983146625,9.061595375461707,1.2405505935508359,1.1625
-4.0935376983146625,8.999095375461707,1.1934435979977454,1.2068700165228052
-3.9685376983146625,8.999095375461707,1.2225943732183961,1.1811388300841896
-3.9060376983146625,8.936595375461707,1.1811388300841896,1.2225943732183961
-3.7185376983146625,8.936595375461707,1.2405505935508359,1.1625
-3.6560376983146625,8.874095375461707,1.1934435979977454,1.2068700165228052
-3.5310376983146625,8.874095375461707,1.2225943732183961,1.1811388300841896
-3.4685376983146625,8.811595375461707,1.1811388300841896,1.2225943732183961
-3.3435376983146625,8.811595375461707,1.2225943732183961,1.1811388300841896
-3.2810376983146625,8.749095375461707,1.1811388300841896,1.2225943732183961
-3.0935376983146625,8.749095375461707,1.2405505935508359,1.1625
-3.0310376983146625,8.686595375461707,1.1934435979977454,1.2068700165228052
-2.9060376983146625,8.686595375461707,1.2225943732183961,1.1811388300841896
-2.8435376983146625,8.624095375461707,1.1811388300841896,1.2225943732183961
-2.6560376983146625,8.624095375461707,1.2405505935508359,1.1625
-2.5935376983146625,8.561595375461707,1.1934435979977454,1.2068700165228052
-2.4685376983146625,8.561595375461707,1.2225943732183961,1.1811388300841896
-2.4060376983146625,8.499095375461707,1.1811388300841896,1.2225943732183961
-2.2810376983146625,8.499095375461707,1.2225943732183961,1.1811388300841896
-2.2185376983146625,8.436595375461707,1.1811388300841896,1.2225943732183961
-2.0935376983146625,8.436595375461707,1.2225943732183961,1.1811388300841896
-2.0310376983146625,8.374095375461707,1.1811388300841896,1.2225943732183961
-1.9060376983146625,8.374095375461707,1.2225943732183961,1.1811388300841896
-1.8435376983146625,8.311595375461707,1.1811388300841896,1.2225943732183961
-1.7185376983146625,8.311595375461707,1.2225943732183961,1.1811388300841896
-1.6560376983146625,8.249095375461707,1.1811388300841896,1.2225943732183961
-1.5310376983146625,8.249095375461707,1.225,1.1811388300841896
-1.4685376983146625,8.186595375461707,1.1934435979977454,1.2213902213841057
-1.4060376983146625,8.186595375461707,1.2213902213841057,1.1934435979977454
-1.3435376983146625,8.124095375461707,1.1934435979977454,1.225
-1.2810376983146625,8.124095375461707,1.2213902213841057,1.1971165423975796
-1.2185376983146625,8.061595375461707,1.1971165423975796,1.2129359875704924
-1.1560376983146625,8.061595375461707,1.2298006013006622,1.1774286830154952
-1.0310376983146625,7.936595375461707,1.2007810593582122,1.2129359875704924
-0.9685376983146625,7.936595375461707,1.2405505935508359,1.1774286830154952
-0.7185376983146625,7.686595375461707,1.2405505935508359,1.1774286830154952
-0.7185376983146625,7.624095375461707,1.2007810593582122,1.2129359875704924
-0.5935376983146625,7.499095375461707,1.2298006013006622,1.1934435979977454
-0.5935376983146625,7.436595375461707,1.1971165423975796,1.2298006013006622
-0.5310376983146625,7.374095375461707,1.2213902213841057,1.2129359875704924
-0.5310376983146625,7.311595375461707,1.1934435979977454,1.2405505935508359
-0.4685376983146625,7.249095375461707,1.2213902213841057,1.202000702247037
-0.4685376983146625,7.186595375461707,1.1934435979977454,1.225
-0.4060376983146625,7.124095375461707,1.225,1.1934435979977454
-0.4060376983146625,6.936595375461707,1.1625,1.260666281948303
-0.3435376983146625,6.874095375461707,1.2068700165228052,1.2225943732183961
-0.3435376983146625,6.436595375461707,1.1625,1.2828640022295326
-0.2810376983146625,6.374095375461707,1.225,1.225
-0.2810376983146625,4.874095375461707,1.1625,1.2828640022295326
-0.21853769831466252,4.811595375461707,1.225,1.225
-0.21853769831466252,3.3115953754617067,1.1625,1.2828640022295326
-0.15603769831466252,3.2490953754617067,1.225,1.225
-0.15603769831466252,1.7490953754617067,1.1625,1.2828640022295326
-0.09353769831466252,1.6865953754617067,1.225,1.225
-0.09353769831466252,0.18659537546170668,1.1625,1.2828640022295326
-0.03103769831466252,0.12409537546170668,1.225,1.225
-0.03103769831466252,-1.5634046245382933,1.1625,1.2828640022295326
0.03146230168533748,-1.6259046245382933,1.225,1.225
0.03146230168533748,-3.8759046245382933,1.1625,1.2828640022295326
0.09396230168533748,-3.9384046245382933,1.225,1.225
0.09396230168533748,-4.250904624538293,1.225,1.225
0.03146230168533748,-4.313404624538293,1.1625,1.2828640022295326
0.03146230168533748,-5.375904624538293,1.225,1.225
-0.03103769831466252,-5.438404624538293,1.1625,1.2828640022295326
-0.03103769831466252,-6.000904624538293,1.1934435979977454,1.2068700165228052
-0.09353769831466252,-6.063404624538293,1.1461646096066227,1.254775286859216
-0.09353769831466252,-6.313404624538293,1.2068700165228052,1.202000702247037
-0.15603769831466252,-6.375904624538293,1.1625,1.2405505935508359
-0.15603769831466252,-6.500904624538293,1.202000702247037,1.2068700165228052
-0.21853769831466252,-6.563404624538293,1.1625,1.254775286859216
-0.21853769831466252,-6.750904624538293,1.225,1.1934435979977454
-0.2810376983146625,-6.813404624538293,1.1934435979977454,1.2213902213841057
-0.2810376983146625,-6.875904624538293,1.2213902213841057,1.1934435979977454
-0.3435376983146625,-6.938404624538293,1.1971165423975796,1.2129359875704924
-0.3435376983146625,-7.000904624538293,1.2298006013006622,1.1774286830154952
-0.4685376983146625,-7.125904624538293,1.2007810593582122,1.2213902213841057
-0.4685376983146625,-7.188404624538293,1.2405505935508359,1.1934435979977454
-0.8435376983146625,-7.563404624538293,1.2500473478055105,1.190990257669732
-0.9060376983146625,-7.563404624538293,1.2129359875704924,1.2351844314938911
-0.9685376983146625,-7.625904624538293,1.2298006013006622,1.2213902213841057
-1.0310376983146625,-7.625904624538293,1.1971165423975796,1.2500473478055105
-1.0935376983146625,-7.688404624538293,1.2213902213841057,1.2213902213841057
-1.1560376983146625,-7.688404624538293,1.1934435979977454,1.2405505935508359
-1.2185376983146625,-7.750904624538293,1.225,1.202000702247037
-1.3435376983146625,-7.750904624538293,1.1811388300841896,1.2500473478055105
-1.4060376983146625,-7.813404624538293,1.2225943732183961,1.2213902213841057
-1.7185376983146625,-7.813404624538293,1.1674920254980568,1.2875
-1.7810376983146625,-7.875904624538293,1.2262014789072109,1.225
-2.0935376983146625,-7.875904624538293,1.225,1.225
-2.1560376983146625,-7.813404624538293,1.1625,1.2828640022295326
-2.5935376983146625,-7.813404624538293,1.1934435979977454,1.1934435979977454
-2.6560376983146625,-7.750904624538293,1.1461646096066227,1.2441183047457383
-2.9060376983146625,-7.750904624538293,1.1934435979977454,1.1934435979977454
-2.9685376983146625,-7.688404624538293,1.1461646096066227,1.2441183047457383
-3.2185376983146625,-7.688404624538293,1.1934435979977454,1.2068700165228052
-3.2810376983146625,-7.625904624538293,1.1461646096066227,1.254775286859216
-3.5310376983146625,-7.625904624538293,1.1934435979977454,1.2068700165228052
-3.5935376983146625,-7.563404624538293,1.1461646096066227,1.254775286859216
-3.8435376983146625,-7.563404624538293,1.1934435979977454,1.2068700165228052
-3.9060376983146625,-7.500904624538293,1.1461646096066227,1.254775286859216
-4.2185376983146625,-7.500904624538293,1.1934435979977454,1.1934435979977454
-4.2810376983146625,-7.438404624538293,1.1461646096066227,1.2441183047457383
-4.5310376983146625,-7.438404624538293,1.1934435979977454,1.1934435979977454
-4.5935376983146625,-7.375904624538293,1.1461646096066227,1.2441183047457383
-4.8435376983146625,-7.375904624538293,1.1934435979977454,1.2068700165228052
-4.9060376983146625,-7.313404624538293,1.1461646096066227,1.254775286859216
-5.1560376983146625,-7.313404624538293,1.1934435979977454,1.2068700165228052
-5.2185376983146625,-7.250904624538293,1.1461646096066227,1.254775286859216
-5.4685376983146625,-7.250904624538293,1.1934435979977454,1.2068700165228052
-5.5310376983146625,-7.188404624538293,1.1461646096066227,1.254775286859216
-5.8435376983146625,-7.188404624538293,1.1934435979977454,1.1934435979977454
-5.9060376983146625,-7.125904624538293,1.1461646096066227,1.2441183047457383
-6.1560376983146625,-7.125904624538293,1.1934435979977454,1.1934435979977454
-6.2185376983146625,-7.063404624538293,1.1461646096066227,1.2441183047457383
-6.4685376983146625,-7.063404624538293,1.1934435979977454,1.2068700165228052
-6.5310376983146625,-7.000904624538293,1.1461646096066227,1.254775286859216
-6.7810376983146625,-7.000904624538293,1.1934435979977454,1.2068700165228052
-6.8435376983146625,-6.938404624538293,1.1461646096066227,1.254775286859216
-7.0935376983146625,-6.938404624538293,1.1934435979977454,1.2068700165228052
-7.1560376983146625,-6.875904624538293,1.1461646096066227,1.254775286859216
-7.4685376983146625,-6.875904624538293,1.1934435979977454,1.1934435979977454
-7.5310376983146625,-6.813404624538293,1.1461646096066227,1.2441183047457383
-7.7810376983146625,-6.813404624538293,1.1934435979977454,1.1934435979977454
-7.8435376983146625,-6.750904624538293,1.1461646096066227,1.2441183047457383
-8.093537698314663,-6.750904624538293,1.1934435979977454,1.1934435979977454
-8.156037698314663,-6.688404624538293,1.1461646096066227,1.2441183047457383
-8.406037698314663,-6.688404624538293,1.1934435979977454,1.2068700165228052
-8.468537698314663,-6.625904624538293,1.1461646096066227,1.254775286859216
-8.718537698314663,-6.625904624538293,1.1934435979977454,1.2068700165228052
-8.781037698314663,-6.563404624538293,1.1461646096066227,1.254775286859216
-9.031037698314663,-6.563404624538293,1.1934435979977454,1.2068700165228052
-9.093537698314663,-6.500904624538293,1.1461646096066227,1.254775286859216
-9.406037698314663,-6.500904624538293,1.1934435979977454,1.1934435979977454
-9.468537698314663,-6.438404624538293,1.1461646096066227,1.2441183047457383
-9.718537698314663,-6.438404624538293,1.1934435979977454,1.1934435979977454
-9.781037698314663,-6.375904624538293,1.1461646096066227,1.2441183047457383
-10.031037698314663,-6.375904624538293,1.1934435979977454,1.2068700165228052
-10.093537698314663,-6.313404624538293,1.1461646096066227,1.254775286859216
-10.343537698314663,-6.313404624538293,1.1934435979977454,1.2068700165228052
-10.406037698314663,-6.250904624538293,1.1461646096066227,1.254775286859216
-10.656037698314663,-6.250904624538293,1.1934435979977454,1.2068700165228052
-10.718537698314663,-6.188404624538293,1.1461646096066227,1.254775286859216
-11.031037698314663,-6.188404624538293,1.1934435979977454,1.1934435979977454
-11.093537698314663,-6.125904624538293,1.1461646096066227,1.2441183047457383
-11.343537698314663,-6.125904624538293,1.1934435979977454,1.1934435979977454
-11.406037698314663,-6.063404624538293,1.1461646096066227,1.2441183047457383
-11.656037698314663,-6.063404624538293,1.1934435979977454,1.1934435979977454
-11.718537698314663,-6.000904624538293,1.1461646096066227,1.2441183047457383
-11.968537698314663,-6.000904624538293,1.1934435979977454,1.2068700165228052
-12.031037698314663,-5.938404624538293,1.1461646096066227,1.254775286859216
-12.281037698314663,-5.938404624538293,1.1934435979977454,1.2068700165228052
-12.343537698314663,-5.875904624538293,1.1461646096066227,1.254775286859216
-12.656037698314663,-5.875904624538293,1.1934435979977454,1.1934435979977454
-12.718537698314663,-5.813404624538293,1.1461646096066227,1.2441183047457383
-12.968537698314663,-5.813404624538293,1.1934435979977454,1.1934435979977454
-13.031037698314663,-5.750904624538293,1.1461646096066227,1.2441183047457383
-13.281037698314663,-5.750904624538293,1.1934435979977454,1.1934435979977454
-13.343537698314663,-5.688404624538293,1.1461646096066227,1.2441183047457383
-13.593537698314663,-5.688404624538293,1.1934435979977454,1.2068700165228052
-13.656037698314663,-5.625904624538293,1.1461646096066227,1.254775286859216
-13.906037698314663,-5.625904624538293,1.1934435979977454,1.2068700165228052
-13.968537698314663,-5.563404624538293,1.1461646096066227,1.254775286859216
-14.218537698314663,-5.563404624538293,1.1934435979977454,1.2068700165228052
-14.281037698314663,-5.500904624538293,1.1461646096066227,1.254775286859216
-14.593537698314663,-5.500904624538293,1.1934435979977454,1.1934435979977454
-14.656037698314663,-5.438404624538293,1.1461646096066227,1.2441183047457383
-14.906037698314663,-5.438404624538293,1.1934435979977454,1.1934435979977454
-14.968537698314663,-5.375904624538293,1.1461646096066227,1.2441183047457383
-15.218537698314663,-5.375904624538293,1.1934435979977454,1.2068700165228052
-15.281037698314663,-5.313404624538293,1.1461646096066227,1.254775286859216
-15.531037698314663,-5.313404624538293,1.1934435979977454,1.2068700165228052
-15.593537698314663,-5.250904624538293,1.1461646096066227,1.254775286859216
-15.843537698314663,-5.250904624538293,1.1934435979977454,1.2068700165228052
-15.906037698314663,-5.188404624538293,1.1461646096066227,1.254775286859216
-16.218537698314663,-5.188404624538293,1.1934435979977454,1.1934435979977454
-16.281037698314663,-5.125904624538293,1.1461646096066227,1.2441183047457383
-16.531037698314663,-5.125904624538293,1.1934435979977454,1.1934435979977454
-16.593537698314663,-5.063404624538293,1.1461646096066227,1.2441183047457383
-16.843537698314663,-5.063404624538293,1.1934435979977454,1.1934435979977454
-16.906037698314663,-5.000904624538293,1.1461646096066227,1.2441183047457383
-17.156037698314663,-5.000904624538293,1.1934435979977454,1.2068700165228052
-17.218537698314663,-4.938404624538293,1.1461646096066227,1.254775286859216
-17.468537698314663,-4.938404624538293,1.1934435979977454,1.2068700165228052
-17.531037698314663,-4.875904624538293,1.1461646096066227,1.254775286859216
-17.843537698314663,-4.875904624538293,1.1934435979977454,1.1934435979977454
-17.906037698314663,-4.813404624538293,1.1461646096066227,1.2441183047457383
-18.156037698314663,-4.813404624538293,1.1934435979977454,1.1934435979977454
-18.218537698314663,-4.750904624538293,1.1461646096066227,1.2441183047457383
-18.468537698314663,-4.750904624538293,1.1934435979977454,1.1934435979977454
-18.531037698314663,-4.688404624538293,1.1461646096066227,1.2441183047457383
-18.781037698314663,-4.688404624538293,1.1934435979977454,1.2068700165228052
-18.843537698314663,-4.625904624538293,1.1461646096066227,1.254775286859216
-19.093537698314663,-4.625904624538293,1.1934435979977454,1.2068700165228052
-19.156037698314663,-4.563404624538293,1.1461646096066227,1.254775286859216
-19.406037698314663,-4.563404624538293,1.1934435979977454,1.2068700165228052
-19.468537698314663,-4.500904624538293,1.1461646096066227,1.254775286859216
-19.781037698314663,-4.500904624538293,1.1934435979977454,1.1934435979977454
-19.843537698314663,-4.438404624538293,1.1461646096066227,1.2441183047457383
-20.093537698314663,-4.438404624538293,1.1934435979977454,1.1934435979977454
-20.156037698314663,-4.375904624538293,1.1461646096066227,1.2441183047457383
-20.406037698314663,-4.375904624538293,1.1934435979977454,1.2068700165228052
-20.468537698314663,-4.313404624538293,1.1461646096066227,1.254775286859216
-20.718537698314663,-4.313404624538293,1.1934435979977454,1.2068700165228052
-20.781037698314663,-4.250904624538293,1.1461646096066227,1.254775286859216
-21.031037698314663,-4.250904624538293,1.1934435979977454,1.2068700165228052
-21.093537698314663,-4.188404624538293,1.1461646096066227,1.254775286859216
-21.406037698314663,-4.188404624538293,1.1934435979977454,1.1934435979977454
-21.468537698314663,-4.125904624538293,1.1461646096066227,1.2441183047457383
-21.718537698314663,-4.125904624538293,1.1934435979977454,1.1934435979977454
-21.781037698314663,-4.063404624538293,1.1461646096066227,1.2441183047457383
-22.031037698314663,-4.063404624538293,1.1934435979977454,1.1934435979977454
-22.093537698314663,-4.000904624538293,1.1461646096066227,1.2441183047457383
-22.343537698314663,-4.000904624538293,1.1934435979977454,1.2068700165228052
-22.406037698314663,-3.9384046245382933,1.1461646096066227,1.254775286859216
-22.656037698314663,-3.9384046245382933,1.1934435979977454,1.2068700165228052
-22.718537698314663,-3.8759046245382933,1.1461646096066227,1.254775286859216
-22.968537698314663,-3.8759046245382933,1.1934435979977454,1.2068700165228052
-23.031037698314663,-3.8134046245382933,1.1461646096066227,1.254775286859216
-23.218537698314663,-3.8134046245382933,1.1934435979977454,1.2068700165228052
-23.281037698314663,-3.7509046245382933,1.1461646096066227,1.254775286859216
-23.468537698314663,-3.7509046245382933,1.1934435979977454,1.2068700165228052
-23.531037698314663,-3.6884046245382933,1.1461646096066227,1.254775286859216
-23.718537698314663,-3.6884046245382933,1.202000702247037,1.2068700165228052
-23.781037698314663,-3.6259046245382933,1.1625,1.2500473478055105
-23.906037698314663,-3.6259046245382933,1.202000702247037,1.1934435979977454
-23.968537698314663,-3.5634046245382933,1.1674920254980568,1.225
-24.093537698314663,-3.5634046245382933,1.2213902213841057,1.1811388300841896
-24.156037698314663,-3.5009046245382933,1.1811388300841896,1.2213902213841057
-24.218537698314663,-3.5009046245382933,1.202000702247037,1.1934435979977454
-24.281037698314663,-3.4384046245382933,1.1674920254980568,1.225
-24.406037698314663,-3.4384046245382933,1.2213902213841057,1.1811388300841896
-24.468537698314663,-3.3759046245382933,1.1811388300841896,1.2225943732183961
-24.531037698314663,-3.3759046245382933,1.202000702247037,1.202000702247037
-24.593537698314663,-3.3134046245382933,1.1625,1.2405505935508359
-24.718537698314663,-3.3134046245382933,1.202000702247037,1.1934435979977454
-24.781037698314663,-3.2509046245382933,1.1674920254980568,1.225
-24.906037698314663,-3.2509046245382933,1.2213902213841057,1.1811388300841896
-24.968537698314663,-3.1884046245382933,1.1811388300841896,1.2225943732183961
-25.031037698314663,-3.1884046245382933,1.202000702247037,1.202000702247037
-25.093537698314663,-3.1259046245382933,1.1625,1.2405505935508359
-25.218537698314663,-3.1259046245382933,1.1934435979977454,1.202000702247037
-25.281037698314663,-3.0634046245382933,1.1461646096066227,1.2405505935508359
-25.468537698314663,-3.0634046245382933,1.202000702247037,1.1934435979977454
-25.531037698314663,-3.0009046245382933,1.1625,1.2405505935508359
-25.656037698314663,-3.0009046245382933,1.202000702247037,1.202000702247037
-25.718537698314663,-2.9384046245382933,1.1625,1.2405505935508359
-25.843537698314663,-2.9384046245382933,1.1934435979977454,1.2068700165228052
-25.906037698314663,-2.8759046245382933,1.1461646096066227,1.254775286859216
-26.156037698314663,-2.8759046245382933,1.1934435979977454,1.1934435979977454
-26.218537698314663,-2.8134046245382933,1.1461646096066227,1.2441183047457383
-26.406037698314663,-2.8134046245382933,1.1934435979977454,1.2068700165228052
-26.468537698314663,-2.7509046245382933,1.1461646096066227,1.254775286859216
-26.781037698314663,-2.7509046245382933,1.1934435979977454,1.1934435979977454
-26.843537698314663,-2.6884046245382933,1.1461646096066227,1.2441183047457383
-27.281037698314663,-2.6884046245382933,1.2068700165228052,1.2068700165228052
-27.343537698314663,-2.6259046245382933,1.1625,1.254775286859216
-28.343537698314663,-2.6259046245382933,1.1625,1.254775286859216
-28.406037698314663,-2.6884046245382933,1.2068700165228052,1.2068700165228052
-28.781037698314663,-2.6884046245382933,1.1461646096066227,1.2441183047457383
-28.843537698314663,-2.7509046245382933,1.1934435979977454,1.1934435979977454
-29.031037698314663,-2.7509046245382933,1.1461646096066227,1.2405505935508359
-29.093537698314663,-2.8134046245382933,1.1934435979977454,1.202000702247037
-29.218537698314663,-2.8134046245382933,1.1625,1.2405505935508359
-29.281037698314663,-2.8759046245382933,1.2068700165228052,1.202000702247037
-29.343537698314663,-2.8759046245382933,1.1934435979977454,1.225
-29.406037698314663,-2.9384046245382933,1.2213902213841057,1.1934435979977454
-29.468537698314663,-2.9384046245382933,1.1934435979977454,1.2213902213841057
-29.531037698314663,-3.0009046245382933,1.2213902213841057,1.1934435979977454
-29.593537698314663,-3.0009046245382933,1.1934435979977454,1.2213902213841057
-29.656037698314663,-3.0634046245382933,1.2213902213841057,1.1934435979977454
-29.718537698314663,-3.0634046245382933,1.1934435979977454,1.2213902213841057
-29.843537698314663,-3.1884046245382933,1.2298006013006622,1.1774286830154952
-29.906037698314663,-3.1884046245382933,1.1934435979977454,1.2129359875704924
-30.468537698314663,-3.7509046245382933,1.1934435979977454,1.2129359875704924
-30.468537698314663,-3.8134046245382933,1.2298006013006622,1.1774286830154952
-30.656037698314663,-4.000904624538293,1.1934435979977454,1.2129359875704924
-30.656037698314663,-4.063404624538293,1.2298006013006622,1.1774286830154952
-30.843537698314663,-4.250904624538293,1.1934435979977454,1.2129359875704924
-30.843537698314663,-4.313404624538293,1.2357815410378001,1.1774286830154952
-31.093537698314663,-4.563404624538293,1.1934435979977454,1.2129359875704924
-31.093537698314663,-4.625904624538293,1.2298006013006622,1.1774286830154952
-31.343537698314663,-4.875904624538293,1.190990257669732,1.2129359875704924
-31.343537698314663,-4.938404624538293,1.2298006013006622,1.1774286830154952
-31.531037698314663,-5.125904624538293,1.1934435979977454,1.2129359875704924
-31.531037698314663,-5.188404624538293,1.2357815410378001,1.1774286830154952
-31.781037698314663,-5.438404624538293,1.1934435979977454,1.2129359875704924
-31.781037698314663,-5.500904624538293,1.2357815410378001,1.1774286830154952
-32.03103769831466,-5.750904624538293,1.1934435979977454,1.2129359875704924
-32.03103769831466,-5.813404624538293,1.2357815410378001,1.1774286830154952
-32.34353769831466,-6.125904624538293,1.190990257669732,1.2129359875704924
-32.34353769831466,-6.188404624538293,1.2351844314938911,1.1774286830154952
-32.65603769831466,-6.500904624538293,1.190990257669732,1.2129359875704924
-32.65603769831466,-6.563404624538293,1.2351844314938911,1.1774286830154952
-32.96853769831466,-6.875904624538293,1.190990257669732,1.2129359875704924
-32.96853769831466,-6.938404624538293,1.2351844314938911,1.1774286830154952
-33.28103769831466,-7.250904624538293,1.1934435979977454,1.2129359875704924
-33.28103769831466,-7.313404624538293,1.2357815410378001,1.1774286830154952
-33.71853769831466,-7.750904624538293,1.190990257669732,1.2129359875704924
-33.71853769831466,-7.813404624538293,1.2351844314938911,1.1774286830154952
-34.21853769831466,-8.313404624538293,1.1934435979977454,1.2129359875704924
-34.21853769831466,-8.375904624538293,1.2357815410378001,1.1774286830154952
-36.34353769831466,-10.500904624538293,1.2351844314938911,1.1774286830154952
-36.40603769831466,-10.500904624538293,1.190990257669732,1.2129359875704924
-36.78103769831466,-10.875904624538293,1.2357815410378001,1.1774286830154952
-36.84353769831466,-10.875904624538293,1.1934435979977454,1.2129359875704924
-37.09353769831466,-11.125904624538293,1.2357815410378001,1.1774286830154952
-37.15603769831466,-11.125904624538293,1.1934435979977454,1.2129359875704924
-37.34353769831466,-11.313404624538293,1.2298006013006622,1.1774286830154952
-37.40603769831466,-11.313404624538293,1.1934435979977454,1.2129359875704924
-37.59353769831466,-11.500904624538293,1.2298006013006622,1.1774286830154952
-37.65603769831466,-11.500904624538293,1.1971165423975796,1.2129359875704924
-37.78103769831466,-11.625904624538293,1.2298006013006622,1.1774286830154952
-37.84353769831466,-11.625904624538293,1.1971165423975796,1.2129359875704924
-37.96853769831466,-11.750904624538293,1.2298006013006622,1.1774286830154952
-38.03103769831466,-11.750904624538293,1.1971165423975796,1.2129359875704924
-38.09353769831466,-11.813404624538293,1.2213902213841057,1.1934435979977454
-38.15603769831466,-11.813404624538293,1.1934435979977454,1.2213902213841057
-38.28103769831466,-11.938404624538293,1.2298006013006622,1.1662455107677085
-38.34353769831466,-11.938404624538293,1.1971165423975796,1.1971165423975796
-38.40603769831466,-12.000904624538293,1.2213902213841057,1.1774286830154952
-38.46853769831466,-12.000904624538293,1.1934435979977454,1.2129359875704924
-38.53103769831466,-12.063404624538293,1.2213902213841057,1.1934435979977454
-38.59353769831466,-12.063404624538293,1.1934435979977454,1.2213902213841057
-38.71853769831466,-12.188404624538293,1.2298006013006622,1.1774286830154952
-38.78103769831466,-12.188404624538293,1.1971165423975796,1.2129359875704924
-38.84353769831466,-12.250904624538293,1.2213902213841057,1.1934435979977454
-38.90603769831466,-12.250904624538293,1.1934435979977454,1.2213902213841057
-38.96853769831466,-12.313404624538293,1.2213902213841057,1.1934435979977454
-39.03103769831466,-12.313404624538293,1.1934435979977454,1.2213902213841057
-39.09353769831466,-12.375904624538293,1.2213902213841057,1.1934435979977454
-39.15603769831466,-12.375904624538293,1.1934435979977454,1.2213902213841057
-39.28103769831466,-12.500904624538293,1.2298006013006622,1.1774286830154952
-39.34353769831466,-12.500904624538293,1.1971165423975796,1.2129359875704924
-39.40603769831466,-12.563404624538293,1.2213902213841057,1.1934435979977454
-39.46853769831466,-12.563404624538293,1.1934435979977454,1.2213902213841057
-39.53103769831466,-12.625904624538293,1.2213902213841057,1.1934435979977454
-39.59353769831466,-12.625904624538293,1.1934435979977454,1.2213902213841057
-39.65603769831466,-12.688404624538293,1.2213902213841057,1.1934435979977454
-39.71853769831466,-12.688404624538293,1.1934435979977454,1.2213902213841057
-39.78103769831466,-12.750904624538293,1.2213902213841057,1.1934435979977454
-39.84353769831466,-12.750904624538293,1.1934435979977454,1.2213902213841057
-39.90603769831466,-12.813404624538293,1.2213902213841057,1.1934435979977454
-39.96853769831466,-12.813404624538293,1.1934435979977454,1.2213902213841057
-40.03103769831466,-12.875904624538293,1.2213902213841057,1.1934435979977454
-40.09353769831466,-12.875904624538293,1.1934435979977454,1.2213902213841057
-40.15603769831466,-12.938404624538293,1.2213902213841057,1.1934435979977454
-40.21853769831466,-12.938404624538293,1.1934435979977454,1.2213902213841057
-40.28103769831466,-13.000904624538293,1.2213902213841057,1.1934435979977454
-40.34353769831466,-13.000904624538293,1.1934435979977454,1.2213902213841057
-40.40603769831466,-13.063404624538293,1.2213902213841057,1.1934435979977454
-40.46853769831466,-13.063404624538293,1.1934435979977454,1.2213902213841057
-40.53103769831466,-13.125904624538293,1.2213902213841057,1.1934435979977454
-40.59353769831466,-13.125904624538293,1.1934435979977454,1.2213902213841057
-40.65603769831466,-13.188404624538293,1.2213902213841057,1.1934435979977454
-40.71853769831466,-13.188404624538293,1.1934435979977454,1.2213902213841057
-40.78103769831466,-13.250904624538293,1.2213902213841057,1.1934435979977454
-40.84353769831466,-13.250904624538293,1.1934435979977454,1.2213902213841057
-40.90603769831466,-13.313404624538293,1.2213902213841057,1.1934435979977454
-40.96853769831466,-13.313404624538293,1.1934435979977454,1.2213902213841057
-41.03103769831466,-13.375904624538293,1.2213902213841057,1.1934435979977454
-41.09353769831466,-13.375904624538293,1.1934435979977454,1.2213902213841057
-41.15603769831466,-13.438404624538293,1.2213902213841057,1.1811388300841896
-41.28103769831466,-13.438404624538293,1.1674920254980568,1.225
-41.34353769831466,-13.500904624538293,1.202000702247037,1.1934435979977454
-41.40603769831466,-13.500904624538293,1.1811388300841896,1.2213902213841057
-41.46853769831466,-13.563404624538293,1.2213902213841057,1.1934435979977454
-41.53103769831466,-13.563404624538293,1.1934435979977454,1.2213902213841057
-41.59353769831466,-13.625904624538293,1.2213902213841057,1.1811388300841896
-41.71853769831466,-13.625904624538293,1.1674920254980568,1.225
-41.78103769831466,-13.688404624538293,1.202000702247037,1.1934435979977454
-41.84353769831466,-13.688404624538293,1.1811388300841896,1.2213902213841057
-41.90603769831466,-13.750904624538293,1.2213902213841057,1.1934435979977454
-42.03103769831466,-13.750904624538293,1.1674920254980568,1.2405505935508359
-42.09353769831466,-13.813404624538293,1.202000702247037,1.202000702247037
-42.15603769831466,-13.813404624538293,1.1811388300841896,1.225
-42.21853769831466,-13.875904624538293,1.2213902213841057,1.1934435979977454
-42.34353769831466,-13.875904624538293,1.1674920254980568,1.2405505935508359
-42.40603769831466,-13.938404624538293,1.202000702247037,1.202000702247037
-42.53103769831466,-13.938404624538293,1.1625,1.2405505935508359
-42.59353769831466,-14.000904624538293,1.202000702247037,1.202000702247037
-42.71853769831466,-14.000904624538293,1.1625,1.2405505935508359
-42.78103769831466,-14.063404624538293,1.202000702247037,1.202000702247037
-42.84353769831466,-14.063404624538293,1.1811388300841896,1.225
-42.90603769831466,-14.125904624538293,1.2225943732183961,1.1934435979977454
-43.09353769831466,-14.125904624538293,1.1625,1.254775286859216
-43.15603769831466,-14.188404624538293,1.202000702247037,1.2068700165228052
-43.28103769831466,-14.188404624538293,1.1625,1.2405505935508359
-43.34353769831466,-14.250904624538293,1.202000702247037,1.202000702247037
-43.46853769831466,-14.250904624538293,1.1625,1.2405505935508359
-43.53103769831466,-14.313404624538293,1.202000702247037,1.202000702247037
-43.71853769831466,-14.313404624538293,1.1461646096066227,1.254775286859216
-43.78103769831466,-14.375904624538293,1.1934435979977454,1.2068700165228052
-43.96853769831466,-14.375904624538293,1.1461646096066227,1.254775286859216
-44.03103769831466,-14.438404624538293,1.1934435979977454,1.2068700165228052
-44.28103769831466,-14.438404624538293,1.1461646096066227,1.2441183047457383
-44.34353769831466,-14.500904624538293,1.1934435979977454,1.1934435979977454
-44.65603769831466,-14.500904624538293,1.1625,1.254775286859216
-44.71853769831466,-14.563404624538293,1.2068700165228052,1.2068700165228052
-46.03103769831466,-14.563404624538293,1.1934435979977454,1.1934435979977454
-46.09353769831466,-14.500904624538293,1.1461646096066227,1.2441183047457383
-46.34353769831466,-14.500904624538293,1.2225943732183961,1.202000702247037
-46.40603769831466,-14.438404624538293,1.1811388300841896,1.2405505935508359
-46.53103769831466,-14.438404624538293,1.2225943732183961,1.1934435979977454
-46.59353769831466,-14.375904624538293,1.1811388300841896,1.225
-46.65603769831466,-14.375904624538293,1.202000702247037,1.202000702247037
-46.71853769831466,-14.313404624538293,1.1674920254980568,1.2405505935508359
-46.84353769831466,-14.313404624538293,1.2213902213841057,1.1934435979977454
-46.90603769831466,-14.250904624538293,1.1971165423975796,1.2129359875704924
-46.96853769831466,-14.250904624538293,1.2298006013006622,1.1774286830154952
-47.09353769831466,-14.125904624538293,1.2007810593582122,1.2129359875704924
-47.15603769831466,-14.125904624538293,1.2405505935508359,1.1774286830154952
-47.53103769831466,-13.750904624538293,1.2500473478055105,1.1774286830154952
-47.53103769831466,-13.688404624538293,1.2129359875704924,1.2129359875704924
-47.59353769831466,-13.625904624538293,1.2298006013006622,1.2007810593582122
-47.59353769831466,-13.563404624538293,1.1971165423975796,1.2405505935508359
-47.65603769831466,-13.500904624538293,1.2213902213841057,1.2213902213841057
-47.65603769831466,-13.438404624538293,1.1934435979977454,1.2405505935508359
-47.71853769831466,-13.375904624538293,1.2213902213841057,1.202000702247037
-47.71853769831466,-13.313404624538293,1.1934435979977454,1.2225943732183961
-47.78103769831466,-13.250904624538293,1.225,1.1811388300841896
-47.78103769831466,-13.125904624538293,1.1811388300841896,1.2225943732183961
-47.84353769831466,-13.063404624538293,1.2225943732183961,1.1811388300841896
-47.84353769831466,-12.938404624538293,1.1811388300841896,1.2225943732183961
-47.90603769831466,-12.875904624538293,1.2225943732183961,1.1811388300841896
-47.90603769831466,-12.750904624538293,1.1811388300841896,1.2225943732183961
-47.96853769831466,-12.688404624538293,1.2225943732183961,1.1811388300841896
-47.96853769831466,-12.563404624538293,1.1811388300841896,1.2225943732183961
-48.03103769831466,-12.500904624538293,1.2225943732183961,1.1811388300841896
-48.03103769831466,-12.375904624538293,1.1811388300841896,1.2225943732183961
-48.09353769831466,-12.313404624538293,1.2225943732183961,1.1811388300841896
-48.09353769831466,-12.188404624538293,1.1811388300841896,1.2225943732183961
-48.15603769831466,-12.125904624538293,1.2225943732183961,1.1811388300841896
-48.15603769831466,-12.000904624538293,1.1811388300841896,1.2225943732183961
-48.21853769831466,-11.938404624538293,1.2225943732183961,1.1811388300841896
-48.21853769831466,-11.813404624538293,1.1811388300841896,1.2225943732183961
-48.28103769831466,-11.750904624538293,1.2225943732183961,1.1811388300841896
-48.28103769831466,-11.625904624538293,1.1811388300841896,1.2225943732183961
-48.34353769831466,-11.563404624538293,1.2225943732183961,1.1811388300841896
-48.34353769831466,-11.438404624538293,1.1811388300841896,1.2225943732183961
-48.40603769831466,-11.375904624538293,1.2225943732183961,1.1811388300841896
-48.40603769831466,-11.250904624538293,1.1934435979977454,1.2225943732183961
-48.46853769831466,-11.188404624538293,1.2405505935508359,1.1811388300841896
-48.46853769831466,-11.063404624538293,1.202000702247037,1.2225943732183961
-48.53103769831466,-11.000904624538293,1.2405505935508359,1.1811388300841896
-48.53103769831466,-10.875904624538293,1.202000702247037,1.2068700165228052
-48.59353769831466,-10.813404624538293,1.2405505935508359,1.1625
-48.59353769831466,-10.625904624538293,1.1811388300841896,1.2225943732183961
-48.65603769831466,-10.563404624538293,1.2225943732183961,1.1811388300841896
-48.65603769831466,-10.438404624538293,1.1811388300841896,1.2225943732183961
-48.71853769831466,-10.375904624538293,1.2225943732183961,1.1811388300841896
-48.71853769831466,-10.250904624538293,1.1811388300841896,1.2225943732183961
-48.78103769831466,-10.188404624538293,1.2225943732183961,1.1811388300841896
-48.78103769831466,-10.063404624538293,1.1811388300841896,1.2225943732183961
-48.84353769831466,-10.000904624538293,1.2225943732183961,1.1811388300841896
-48.84353769831466,-9.875904624538293,1.1811388300841896,1.2225943732183961
-48.90603769831466,-9.813404624538293,1.2225943732183961,1.1811388300841896
-48.90603769831466,-9.688404624538293,1.1811388300841896,1.2225943732183961
-48.96853769831466,-9.625904624538293,1.2225943732183961,1.1811388300841896
-48.96853769831466,-9.500904624538293,1.1811388300841896,1.2225943732183961
-49.03103769831466,-9.438404624538293,1.2225943732183961,1.1811388300841896
-49.03103769831466,-9.313404624538293,1.1811388300841896,1.2225943732183961
-49.09353769831466,-9.250904624538293,1.2225943732183961,1.1811388300841896
-49.09353769831466,-9.125904624538293,1.1811388300841896,1.2225943732183961
-49.15603769831466,-9.063404624538293,1.2225943732183961,1.1811388300841896
-49.15603769831466,-8.938404624538293,1.1811388300841896,1.2225943732183961
-49.21853769831466,-8.875904624538293,1.2225943732183961,1.1811388300841896
-49.21853769831466,-8.750904624538293,1.1934435979977454,1.2068700165228052
-49.28103769831466,-8.688404624538293,1.2405505935508359,1.1625
-49.28103769831466,-8.500904624538293,1.1811388300841896,1.2225943732183961
-49.34353769831466,-8.438404624538293,1.2225943732183961,1.1811388300841896
-49.34353769831466,-8.313404624538293,1.1811388300841896,1.2225943732183961
-49.40603769831466,-8.250904624538293,1.2225943732183961,1.1811388300841896
-49.40603769831466,-8.125904624538293,1.1811388300841896,1.2225943732183961
-49.46853769831466,-8.063404624538293,1.2225943732183961,1.1811388300841896
-49.46853769831466,-7.938404624538293,1.1811388300841896,1.2225943732183961
-49.53103769831466,-7.875904624538293,1.2225943732183961,1.1811388300841896
-49.53103769831466,-7.750904624538293,1.1811388300841896,1.2225943732183961
-49.59353769831466,-7.688404624538293,1.2225943732183961,1.1811388300841896
-49.59353769831466,-7.563404624538293,1.1811388300841896,1.2225943732183961
-49.65603769831466,-7.500904624538293,1.2225943732183961,1.1811388300841896
-49.65603769831466,-7.375904624538293,1.1811388300841896,1.2225943732183961
-49.71853769831466,-7.313404624538293,1.2225943732183961,1.1811388300841896
-49.71853769831466,-7.188404624538293,1.1934435979977454,1.2068700165228052
-49.78103769831466,-7.125904624538293,1.2405505935508359,1.1625
-49.78103769831466,-6.938404624538293,1.1811388300841896,1.2225943732183961
-49.84353769831466,-6.875904624538293,1.2225943732183961,1.1811388300841896
-49.84353769831466,-6.750904624538293,1.1811388300841896,1.2225943732183961
-49.90603769831466,-6.688404624538293,1.2225943732183961,1.1811388300841896
-49.90603769831466,-6.563404624538293,1.1811388300841896,1.2225943732183961
-49.96853769831466,-6.500904624538293,1.2225943732183961,1.1811388300841896
-49.96853769831466,-6.375904624538293,1.1811388300841896,1.2225943732183961
-50.03103769831466,-6.313404624538293,1.2225943732183961,1.1811388300841896
-50.03103769831466,-6.188404624538293,1.1811388300841896,1.2225943732183961
-50.09353769831466,-6.125904624538293,1.2225943732183961,1.1811388300841896
-50.09353769831466,-6.000904624538293,1.1934435979977454,1.2068700165228052
-50.15603769831466,-5.938404624538293,1.2405505935508359,1.1625
-50.15603769831466,-5.750904624538293,1.1811388300841896,1.2225943732183961
-50.21853769831466,-5.688404624538293,1.2225943732183961,1.1811388300841896
-50.21853769831466,-5.563404624538293,1.1811388300841896,1.2225943732183961
-50.28103769831466,-5.500904624538293,1.2225943732183961,1.1811388300841896
-50.28103769831466,-5.375904624538293,1.1934435979977454,1.2068700165228052
-50.34353769831466,-5.313404624538293,1.2405505935508359,1.1625
-50.34353769831466,-5.125904624538293,1.1811388300841896,1.2225943732183961
-50.40603769831466,-5.063404624538293,1.2225943732183961,1.1811388300841896
-50.40603769831466,-4.938404624538293,1.1811388300841896,1.2225943732183961
-50.46853769831466,-4.875904624538293,1.2225943732183961,1.1811388300841896
-50.46853769831466,-4.750904624538293,1.1934435979977454,1.2068700165228052
-50.53103769831466,-4.688404624538293,1.2405505935508359,1.1625
-50.53103769831466,-4.500904624538293,1.1811388300841896,1.2225943732183961
-50.59353769831466,-4.438404624538293,1.2225943732183961,1.1811388300841896
-50.59353769831466,-4.313404624538293,1.1934435979977454,1.2068700165228052
-50.65603769831466,-4.250904624538293,1.2405505935508359,1.1625
-50.65603769831466,-4.063404624538293,1.1811388300841896,1.2225943732183961
-50.71853769831466,-4.000904624538293,1.2225943732183961,1.1811388300841896
-50.71853769831466,-3.8759046245382933,1.1934435979977454,1.2068700165228052
-50.78103769831466,-3.8134046245382933,1.2405505935508359,1.1625
-50.78103769831466,-3.6259046245382933,1.1934435979977454,1.2068700165228052
-50.84353769831466,-3.5634046245382933,1.2405505935508359,1.1625
-50.84353769831466,-3.3759046245382933,1.1811388300841896,1.2225943732183961
-50.90603769831466,-3.3134046245382933,1.2225943732183961,1.1811388300841896
-50.90603769831466,-3.1884046245382933,1.1934435979977454,1.2068700165228052
-50.96853769831466,-3.1259046245382933,1.2405505935508359,1.1625
-50.96853769831466,-2.9384046245382933,1.1934435979977454,1.2068700165228052
-51.03103769831466,-2.8759046245382933,1.2405505935508359,1.1625
-51.03103769831466,-2.6884046245382933,1.1934435979977454,1.1934435979977454
-51.09353769831466,-2.6259046245382933,1.2441183047457383,1.1461646096066227
-51.09353769831466,-2.3759046245382933,1.1934435979977454,1.2068700165228052
-51.15603769831466,-2.3134046245382933,1.2405505935508359,1.1625
-51.15603769831466,-2.1259046245382933,1.1934435979977454,1.2068700165228052
-51.21853769831466,-2.0634046245382933,1.2405505935508359,1.1625
-51.21853769831466,-1.8759046245382933,1.1934435979977454,1.2068700165228052
-51.28103769831466,-1.8134046245382933,1.2405505935508359,1.1625
-51.28103769831466,-1.6259046245382933,1.1934435979977454,1.1934435979977454
-51.34353769831466,-1.5634046245382933,1.2441183047457383,1.1461646096066227
-51.34353769831466,-1.3134046245382933,1.1934435979977454,1.2068700165228052
-51.40603769831466,-1.2509046245382933,1.2441183047457383,1.1625
-51.40603769831466,-1.0009046245382933,1.1934435979977454,1.2068700165228052
-51.46853769831466,-0.9384046245382933,1.2441183047457383,1.1625
-51.46853769831466,-0.6884046245382933,1.1934435979977454,1.2068700165228052
-51.53103769831466,-0.6259046245382933,1.2441183047457383,1.1625
-51.53103769831466,-0.3759046245382933,1.1934435979977454,1.2068700165228052
-51.59353769831466,-0.3134046245382933,1.2441183047457383,1.1625
-51.59353769831466,-0.06340462453829332,1.1934435979977454,1.1934435979977454
-51.65603769831466,-0.0009046245382933193,1.2441183047457383,1.1461646096066227
-51.65603769831466,0.3115953754617067,1.1934435979977454,1.1934435979977454
-51.71853769831466,0.3740953754617067,1.2441183047457383,1.1461646096066227
-51.71853769831466,0.6865953754617067,1.1934435979977454,1.1934435979977454
-51.78103769831466,0.7490953754617067,1.2441183047457383,1.1461646096066227
-51.78103769831466,1.1240953754617067,1.1934435979977454,1.1934435979977454
-51.84353769831466,1.1865953754617067,1.2441183047457383,1.1461646096066227
-51.84353769831466,1.6865953754617067,1.2068700165228052,1.2068700165228052
-51.90603769831466,1.7490953754617067,1.254775286859216,1.1625
-51.90603769831466,2.6240953754617067,1.2068700165228052,1.225
-51.96853769831466,2.6865953754617067,1.254775286859216,1.1625
-51.96853769831466,3.5615953754617067,1.254775286859216,1.1625
-51.90603769831466,3.6240953754617067,1.2068700165228052,1.225
-51.90603769831466,4.186595375461707,1.2441183047457383,1.1461646096066227
-51.84353769831466,4.249095375461707,1.1934435979977454,1.1934435979977454
-51.84353769831466,4.499095375461707,1.2441183047457383,1.1625
-51.78103769831466,4.561595375461707,1.1934435979977454,1.2068700165228052
-51.78103769831466,4.686595375461707,1.2225943732183961,1.1811388300841896
-51.71853769831466,4.749095375461707,1.1811388300841896,1.2225943732183961
-51.71853769831466,4.874095375461707,1.2225943732183961,1.1811388300841896
-51.65603769831466,4.936595375461707,1.1811388300841896,1.2225943732183961
-51.65603769831466,5.061595375461707,1.2225943732183961,1.1811388300841896
-51.59353769831466,5.124095375461707,1.1811388300841896,1.2225943732183961
-51.59353769831466,5.249095375461707,1.225,1.1811388300841896
-51.53103769831466,5.311595375461707,1.1934435979977454,1.2213902213841057
-51.53103769831466,5.374095375461707,1.2213902213841057,1.1934435979977454
-51.46853769831466,5.436595375461707,1.1934435979977454,1.2213902213841057
-51.46853769831466,5.499095375461707,1.2213902213841057,1.1934435979977454
-51.40603769831466,5.561595375461707,1.1934435979977454,1.2213902213841057
-51.40603769831466,5.624095375461707,1.2213902213841057,1.1934435979977454
-51.34353769831466,5.686595375461707,1.1934435979977454,1.2213902213841057
-51.34353769831466,5.749095375461707,1.2213902213841057,1.1934435979977454
-51.28103769831466,5.811595375461707,1.1934435979977454,1.2129359875704924
-51.28103769831466,5.874095375461707,1.2213902213841057,1.1774286830154952
-51.21853769831466,5.936595375461707,1.1971165423975796,1.1971165423975796
-51.21853769831466,5.999095375461707,1.2298006013006622,1.1662455107677085
-51.09353769831466,6.124095375461707,1.2007810593582122,1.2129359875704924
-51.09353769831466,6.186595375461707,1.2405505935508359,1.1774286830154952
-50.84353769831466,6.436595375461707,1.1934435979977454,1.2129359875704924
-50.84353769831466,6.499095375461707,1.2357815410378001,1.1774286830154952
-50.09353769831466,7.249095375461707,1.2357815410378001,1.1774286830154952
-50.03103769831466,7.249095375461707,1.1934435979977454,1.2129359875704924
-49.84353769831466,7.436595375461707,1.2298006013006622,1.1774286830154952
-49.78103769831466,7.436595375461707,1.1971165423975796,1.2129359875704924
-49.65603769831466,7.561595375461707,1.2298006013006622,1.1774286830154952
-49.59353769831466,7.561595375461707,1.1971165423975796,1.2129359875704924
-49.46853769831466,7.686595375461707,1.2298006013006622,1.1774286830154952
-49.40603769831466,7.686595375461707,1.1971165423975796,1.2129359875704924
-49.34353769831466,7.749095375461707,1.2213902213841057,1.1934435979977454
-49.28103769831466,7.749095375461707,1.1934435979977454,1.2213902213841057
-49.21853769831466,7.811595375461707,1.2213902213841057,1.1934435979977454
-49.15603769831466,7.811595375461707,1.1934435979977454,1.2213902213841057
-49.09353769831466,7.874095375461707,1.2213902213841057,1.1934435979977454
-49.03103769831466,7.874095375461707,1.1934435979977454,1.2213902213841057
-48.96853769831466,7.936595375461707,1.2213902213841057,1.1934435979977454
-48.90603769831466,7.936595375461707,1.1934435979977454,1.2213902213841057
-48.84353769831466,7.999095375461707,1.2213902213841057,1.1934435979977454
-48.78103769831466,7.999095375461707,1.1934435979977454,1.2213902213841057
-48.71853769831466,8.061595375461707,1.225,1.1811388300841896
-48.59353769831466,8.061595375461707,1.1811388300841896,1.225
-48.53103769831466,8.124095375461707,1.2225943732183961,1.1934435979977454
-48.46853769831466,8.124095375461707,1.202000702247037,1.2213902213841057
-48.40603769831466,8.186595375461707,1.2405505935508359,1.1811388300841896
-48.28103769831466,8.186595375461707,1.202000702247037,1.2068700165228052
-48.21853769831466,8.249095375461707,1.2405505935508359,1.1625
-48.03103769831466,8.249095375461707,1.1811388300841896,1.2225943732183961
-47.96853769831466,8.311595375461707,1.2225943732183961,1.1811388300841896
-47.84353769831466,8.311595375461707,1.1934435979977454,1.2068700165228052
-47.78103769831466,8.374095375461707,1.2441183047457383,1.1625
-47.53103769831466,8.374095375461707,1.1934435979977454,1.2068700165228052
-47.46853769831466,8.436595375461707,1.2441183047457383,1.1625
-45.96853769831466,8.436595375461707,1.2068700165228052,1.225
-45.90603769831466,8.499095375461707,1.254775286859216,1.1625
-45.46853769831466,8.499095375461707,1.1934435979977454,1.2068700165228052
-45.40603769831466,8.561595375461707,1.2405505935508359,1.1625
-45.21853769831466,8.561595375461707,1.1934435979977454,1.225
-45.15603769831466,8.624095375461707,1.2405505935508359,1.1934435979977454
-45.03103769831466,8.624095375461707,1.1934435979977454,1.2500473478055105
-44.90603769831466,8.749095375461707,1.2500473478055105,1.1971165423975796
-44.84353769831466,8.749095375461707,1.2129359875704924,1.2298006013006622
-44.65603769831466,8.936595375461707,1.2641908694617934,1.1934435979977454
-44.59353769831466,8.936595375461707,1.2298006013006622,1.2357815410378001
-44.40603769831466,9.124095375461707,1.2351844314938911,1.2405505935508359
-44.40603769831466,9.186595375461707,1.2793786053180503,1.2007810593582122
-44.21853769831466,9.374095375461707,1.2405505935508359,1.2512306017028632
-44.21853769831466,9.436595375461707,1.2770509831248424,1.2213902213841057
-44.15603769831466,9.499095375461707,1.2405505935508359,1.2500473478055105
-44.15603769831466,9.561595375461707,1.260666281948303,1.225
-44.09353769831466,9.624095375461707,1.225,1.260666281948303
-44.09353769831466,9.749095375461707,1.2770509831248424,1.2225943732183961
-44.03103769831466,9.811595375461707,1.2405505935508359,1.2677080080157919
-44.03103769831466,10.811595375461707,1.2405505935508359,1.2441183047457383
-44.09353769831466,10.874095375461707,1.2828640022295326,1.1934435979977454
-44.09353769831466,11.061595375461707,1.2129359875704924,1.2405505935508359
-44.15603769831466,11.124095375461707,1.2298006013006622,1.202000702247037
-44.15603769831466,11.186595375461707,1.1971165423975796,1.225
-44.21853769831466,11.249095375461707,1.2213902213841057,1.1934435979977454
-44.21853769831466,11.311595375461707,1.1934435979977454,1.2213902213841057
-44.34353769831466,11.436595375461707,1.2298006013006622,1.1662455107677085
-44.34353769831466,11.499095375461707,1.1971165423975796,1.1971165423975796
-44.40603769831466,11.561595375461707,1.2213902213841057,1.1774286830154952
-44.40603769831466,11.624095375461707,1.1934435979977454,1.2129359875704924
-44.53103769831466,11.749095375461707,1.2298006013006622,1.1662455107677085
-44.53103769831466,11.811595375461707,1.1971165423975796,1.1971165423975796
-44.59353769831466,11.874095375461707,1.2213902213841057,1.1774286830154952
-44.59353769831466,11.936595375461707,1.1934435979977454,1.2129359875704924
-44.65603769831466,11.999095375461707,1.2213902213841057,1.1934435979977454
-44.65603769831466,12.061595375461707,1.1934435979977454,1.2213902213841057
-44.78103769831466,12.186595375461707,1.2298006013006622,1.1774286830154952
-44.78103769831466,12.249095375461707,1.1971165423975796,1.2129359875704924
-44.84353769831466,12.311595375461707,1.2213902213841057,1.1934435979977454
-44.84353769831466,12.374095375461707,1.1934435979977454,1.2213902213841057
-44.96853769831466,12.499095375461707,1.2298006013006622,1.1662455107677085
-44.96853769831466,12.561595375461707,1.1971165423975796,1.1971165423975796
-45.03103769831466,12.624095375461707,1.2213902213841057,1.1774286830154952
-45.03103769831466,12.686595375461707,1.1934435979977454,1.2129359875704924
-45.09353769831466,12.749095375461707,1.2213902213841057,1.1934435979977454
-45.09353769831466,12.811595375461707,1.1934435979977454,1.2213902213841057
-45.21853769831466,12.936595375461707,1.2298006013006622,1.1774286830154952
-45.21853769831466,12.999095375461707,1.1971165423975796,1.2129359875704924
-45.28103769831466,13.061595375461707,1.2213902213841057,1.1934435979977454
-45.28103769831466,13.124095375461707,1.1934435979977454,1.2213902213841057
-45.40603769831466,13.249095375461707,1.2298006013006622,1.1662455107677085
-45.40603769831466,13.311595375461707,1.1971165423975796,1.1971165423975796
-45.46853769831466,13.374095375461707,1.2213902213841057,1.1774286830154952
-45.46853769831466,13.436595375461707,1.1934435979977454,1.2129359875704924
-45.53103769831466,13.499095375461707,1.2213902213841057,1.1934435979977454
-45.53103769831466,13.561595375461707,1.1934435979977454,1.2213902213841057
-45.65603769831466,13.686595375461707,1.2298006013006622,1.1662455107677085
-45.65603769831466,13.749095375461707,1.1971165423975796,1.1971165423975796
-45.71853769831466,13.811595375461707,1.2213902213841057,1.1774286830154952
-45.71853769831466,13.874095375461707,1.1934435979977454,1.2129359875704924
-45.78103769831466,13.936595375461707,1.2213902213841057,1.1934435979977454
-45.78103769831466,13.999095375461707,1.1934435979977454,1.2213902213841057
-45.84353769831466,14.061595375461707,1.2213902213841057,1.1934435979977454
-45.84353769831466,14.124095375461707,1.1934435979977454,1.2213902213841057
-45.96853769831466,14.249095375461707,1.2298006013006622,1.1774286830154952
-45.96853769831466,14.311595375461707,1.1971165423975796,1.2129359875704924
-46.03103769831466,14.374095375461707,1.2213902213841057,1.1934435979977454
-46.03103769831466,14.436595375461707,1.1934435979977454,1.2213902213841057
-46.09353769831466,14.499095375461707,1.2213902213841057,1.1934435979977454
-46.09353769831466,14.561595375461707,1.1934435979977454,1.2213902213841057
-46.15603769831466,14.624095375461707,1.2213902213841057,1.1934435979977454
-46.15603769831466,14.686595375461707,1.1934435979977454,1.2213902213841057
-46.28103769831466,14.811595375461707,1.2298006013006622,1.1774286830154952
-46.28103769831466,14.874095375461707,1.1971165423975796,1.2129359875704924
-46.34353769831466,14.936595375461707,1.2213902213841057,1.1934435979977454
-46.34353769831466,14.999095375461707,1.1934435979977454,1.2213902213841057
-46.40603769831466,15.061595375461707,1.2213902213841057,1.1934435979977454
-46.40603769831466,15.124095375461707,1.1934435979977454,1.2213902213841057
-46.46853769831466,15.186595375461707,1.2213902213841057,1.1934435979977454
-46.46853769831466,15.249095375461707,1.1934435979977454,1.2213902213841057
-46.59353769831466,15.374095375461707,1.2298006013006622,1.1662455107677085
-46.59353769831466,15.436595375461707,1.1971165423975796,1.1971165423975796
-46.65603769831466,15.499095375461707,1.2213902213841057,1.1774286830154952
-46.65603769831466,15.561595375461707,1.1934435979977454,1.2129359875704924
-46.71853769831466,15.624095375461707,1.2213902213841057,1.1934435979977454
-46.71853769831466,15.686595375461707,1.1934435979977454,1.2213902213841057
-46.78103769831466,15.749095375461707,1.2213902213841057,1.1934435979977454
-46.78103769831466,15.811595375461707,1.1934435979977454,1.2213902213841057
-46.84353769831466,15.874095375461707,1.2213902213841057,1.1934435979977454
-46.84353769831466,15.936595375461707,1.1934435979977454,1.2213902213841057
-46.90603769831466,15.999095375461707,1.2213902213841057,1.1934435979977454
-46.90603769831466,16.061595375461707,1.1934435979977454,1.2213902213841057
-46.96853769831466,16.124095375461707,1.2213902213841057,1.1934435979977454
-46.96853769831466,16.186595375461707,1.1934435979977454,1.2213902213841057
-47.03103769831466,16.249095375461707,1.2213902213841057,1.1934435979977454
-47.03103769831466,16.311595375461707,1.1934435979977454,1.2213902213841057
-47.09353769831466,16.374095375461707,1.2213902213841057,1.1934435979977454
-47.09353769831466,16.436595375461707,1.1934435979977454,1.2213902213841057
-47.15603769831466,16.499095375461707,1.2213902213841057,1.1934435979977454
-47.15603769831466,16.561595375461707,1.1934435979977454,1.2213902213841057
-47.21853769831466,16.624095375461707,1.2213902213841057,1.1934435979977454
-47.21853769831466,16.686595375461707,1.1934435979977454,1.2213902213841057
-47.28103769831466,16.749095375461707,1.2213902213841057,1.1934435979977454
-47.28103769831466,16.811595375461707,1.1934435979977454,1.2213902213841057
-47.34353769831466,16.874095375461707,1.2213902213841057,1.1934435979977454
-47.34353769831466,16.936595375461707,1.1934435979977454,1.2213902213841057
-47.40603769831466,16.999095375461707,1.2213902213841057,1.1934435979977454
-47.40603769831466,17.061595375461707,1.1934435979977454,1.2213902213841057
-47.46853769831466,17.124095375461707,1.2213902213841057,1.1934435979977454
-47.46853769831466,17.186595375461707,1.1934435979977454,1.2213902213841057
-47.53103769831466,17.249095375461707,1.2213902213841057,1.1934435979977454
-47.53103769831466,17.311595375461707,1.1934435979977454,1.2213902213841057
-47.59353769831466,17.374095375461707,1.2213902213841057,1.1934435979977454
-47.59353769831466,17.436595375461707,1.1934435979977454,1.2213902213841057
-47.65603769831466,17.499095375461707,1.2213902213841057,1.1934435979977454
-47.65603769831466,17.561595375461707,1.1934435979977454,1.2213902213841057
-47.71853769831466,17.624095375461707,1.2213902213841057,1.1934435979977454
-47.71853769831466,17.686595375461707,1.1934435979977454,1.2213902213841057
-47.78103769831466,17.749095375461707,1.2213902213841057,1.1811388300841896
-47.78103769831466,17.874095375461707,1.1674920254980568,1.225
-47.84353769831466,17.936595375461707,1.202000702247037,1.1934435979977454
-47.84353769831466,17.999095375461707,1.1811388300841896,1.2213902213841057
-47.90603769831466,18.061595375461707,1.2213902213841057,1.1934435979977454
-47.90603769831466,18.124095375461707,1.1934435979977454,1.2213902213841057
-47.96853769831466,18.186595375461707,1.2213902213841057,1.1811388300841896
-47.96853769831466,18.311595375461707,1.1674920254980568,1.225
-48.03103769831466,18.374095375461707,1.202000702247037,1.1934435979977454
-48.03103769831466,18.436595375461707,1.1811388300841896,1.2213902213841057
-48.09353769831466,18.499095375461707,1.2213902213841057,1.1811388300841896
-48.09353769831466,18.624095375461707,1.1674920254980568,1.225
-48.15603769831466,18.686595375461707,1.202000702247037,1.1934435979977454
-48.15603769831466,18.749095375461707,1.1811388300841896,1.2213902213841057
-48.21853769831466,18.811595375461707,1.2225943732183961,1.1811388300841896
-48.21853769831466,18.936595375461707,1.1811388300841896,1.2225943732183961
-48.28103769831466,18.999095375461707,1.2225943732183961,1.1811388300841896
-48.28103769831466,19.124095375461707,1.1811388300841896,1.2225943732183961
-48.34353769831466,19.186595375461707,1.2225943732183961,1.1811388300841896
-48.34353769831466,19.311595375461707,1.1934435979977454,1.2068700165228052
-48.40603769831466,19.374095375461707,1.2405505935508359,1.1625
-48.40603769831466,19.561595375461707,1.1934435979977454,1.2225943732183961
-48.46853769831466,19.624095375461707,1.2405505935508359,1.1674920254980568
-48.46853769831466,19.811595375461707,1.1934435979977454,1.1934435979977454
-48.53103769831466,19.874095375461707,1.2441183047457383,1.1461646096066227
-48.53103769831466,21.061595375461707,1.254775286859216,1.1625
-48.46853769831466,21.124095375461707,1.2068700165228052,1.2068700165228052
-48.46853769831466,21.249095375461707,1.2405505935508359,1.1823736126465203
-48.40603769831466,21.311595375461707,1.202000702247037,1.2213902213841057
-48.40603769831466,21.374095375461707,1.225,1.1934435979977454
-48.34353769831466,21.436595375461707,1.1934435979977454,1.2213902213841057
-48.34353769831466,21.499095375461707,1.2213902213841057,1.1934435979977454
-48.28103769831466,21.561595375461707,1.1971165423975796,1.2213902213841057
-48.28103769831466,21.624095375461707,1.2298006013006622,1.1934435979977454
-48.21853769831466,21.686595375461707,1.2129359875704924,1.2213902213841057
-48.21853769831466,21.749095375461707,1.2500473478055105,1.190990257669732
-47.78103769831466,22.186595375461707,1.2500473478055105,1.190990257669732
-47.71853769831466,22.186595375461707,1.2129359875704924,1.2213902213841057
-47.65603769831466,22.249095375461707,1.2298006013006622,1.1934435979977454
-47.59353769831466,22.249095375461707,1.1971165423975796,1.2213902213841057
-47.53103769831466,22.311595375461707,1.2213902213841057,1.1934435979977454
-47.46853769831466,22.311595375461707,1.1934435979977454,1.2213902213841057
-47.40603769831466,22.374095375461707,1.225,1.1934435979977454
-47.34353769831466,22.374095375461707,1.202000702247037,1.2213902213841057
-47.28103769831466,22.436595375461707,1.2405505935508359,1.1737097890017716
-47.09353769831466,22.436595375461707,1.1934435979977454,1.2068700165228052
-47.03103769831466,22.499095375461707,1.2441183047457383,1.1625
-46.71853769831466,22.499095375461707,1.1934435979977454,1.1934435979977454
-46.65603769831466,22.561595375461707,1.2441183047457383,1.1461646096066227
-46.40603769831466,22.561595375461707,1.1934435979977454,1.1934435979977454
-46.34353769831466,22.624095375461707,1.2441183047457383,1.1461646096066227
-46.09353769831466,22.624095375461707,1.1934435979977454,1.2068700165228052
-46.03103769831466,22.686595375461707,1.2441183047457383,1.1625
-45.78103769831466,22.686595375461707,1.1934435979977454,1.2068700165228052
-45.71853769831466,22.749095375461707,1.2405505935508359,1.1625
-45.53103769831466,22.749095375461707,1.1811388300841896,1.2068700165228052
-45.46853769831466,22.811595375461707,1.2225943732183961,1.1625
-45.34353769831466,22.811595375461707,1.1934435979977454,1.202000702247037
-45.28103769831466,22.874095375461707,1.2405505935508359,1.1625
-45.09353769831466,22.874095375461707,1.1934435979977454,1.2068700165228052
-45.03103769831466,22.936595375461707,1.2405505935508359,1.1625
-44.84353769831466,22.936595375461707,1.1811388300841896,1.2225943732183961
-44.78103769831466,22.999095375461707,1.2225943732183961,1.1811388300841896
-44.65603769831466,22.999095375461707,1.1811388300841896,1.2225943732183961
-44.59353769831466,23.061595375461707,1.2225943732183961,1.1811388300841896
-44.46853769831466,23.061595375461707,1.1811388300841896,1.2225943732183961
-44.40603769831466,23.124095375461707,1.2213902213841057,1.1811388300841896
-44.28103769831466,23.124095375461707,1.1674920254980568,1.225
-44.21853769831466,23.186595375461707,1.202000702247037,1.1934435979977454
-44.15603769831466,23.186595375461707,1.1811388300841896,1.2213902213841057
-44.09353769831466,23.249095375461707,1.2225943732183961,1.1811388300841896
-43.96853769831466,23.249095375461707,1.1811388300841896,1.225
-43.90603769831466,23.311595375461707,1.2213902213841057,1.1934435979977454
-43.84353769831466,23.311595375461707,1.1934435979977454,1.2213902213841057
-43.78103769831466,23.374095375461707,1.2213902213841057,1.1811388300841896
-43.65603769831466,23.374095375461707,1.1674920254980568,1.225
-43.59353769831466,23.436595375461707,1.202000702247037,1.1934435979977454
-43.53103769831466,23.436595375461707,1.1811388300841896,1.2213902213841057
-43.46853769831466,23.499095375461707,1.2213902213841057,1.1934435979977454
-43.40603769831466,23.499095375461707,1.1934435979977454,1.2213902213841057
-43.34353769831466,23.561595375461707,1.2213902213841057,1.1934435979977454
-43.28103769831466,23.561595375461707,1.1934435979977454,1.2213902213841057
-43.21853769831466,23.624095375461707,1.2213902213841057,1.1934435979977454
-43.15603769831466,23.624095375461707,1.1934435979977454,1.2213902213841057
-43.09353769831466,23.686595375461707,1.2213902213841057,1.1934435979977454
-43.03103769831466,23.686595375461707,1.1934435979977454,1.2213902213841057
-42.96853769831466,23.749095375461707,1.2213902213841057,1.1934435979977454
-42.90603769831466,23.749095375461707,1.1934435979977454,1.2213902213841057
-42.78103769831466,23.874095375461707,1.2298006013006622,1.1662455107677085
-42.71853769831466,23.874095375461707,1.1971165423975796,1.1971165423975796
-42.65603769831466,23.936595375461707,1.2213902213841057,1.1774286830154952
-42.59353769831466,23.936595375461707,1.1934435979977454,1.2129359875704924
-42.53103769831466,23.999095375461707,1.2213902213841057,1.1934435979977454
-42.46853769831466,23.999095375461707,1.1934435979977454,1.2213902213841057
-42.34353769831466,24.124095375461707,1.2298006013006622,1.1774286830154952
-42.28103769831466,24.124095375461707,1.1971165423975796,1.2129359875704924
-42.15603769831466,24.249095375461707,1.2298006013006622,1.1774286830154952
-42.09353769831466,24.249095375461707,1.1934435979977454,1.2129359875704924
-41.90603769831466,24.436595375461707,1.2298006013006622,1.1774286830154952
-41.84353769831466,24.436595375461707,1.1934435979977454,1.2129359875704924
-40.90603769831466,25.374095375461707,1.190990257669732,1.2129359875704924
-40.90603769831466,25.436595375461707,1.2351844314938911,1.1774286830154952
-40.40603769831466,25.936595375461707,1.2405505935508359,1.1774286830154952
-40.34353769831466,25.936595375461707,1.2007810593582122,1.2129359875704924
-40.21853769831466,26.061595375461707,1.2298006013006622,1.1662455107677085
-40.15603769831466,26.061595375461707,1.1971165423975796,1.1971165423975796
-40.09353769831466,26.124095375461707,1.2213902213841057,1.1774286830154952
-40.03103769831466,26.124095375461707,1.1934435979977454,1.2129359875704924
-39.96853769831466,26.186595375461707,1.2213902213841057,1.1934435979977454
-39.90603769831466,26.186595375461707,1.1934435979977454,1.2213902213841057
-39.84353769831466,26.249095375461707,1.2213902213841057,1.1934435979977454
-39.78103769831466,26.249095375461707,1.1934435979977454,1.2213902213841057
-39.71853769831466,26.311595375461707,1.225,1.1811388300841896
-39.59353769831466,26.311595375461707,1.1811388300841896,1.2225943732183961
-39.53103769831466,26.374095375461707,1.2225943732183961,1.1811388300841896
-39.40603769831466,26.374095375461707,1.1934435979977454,1.2225943732183961
-39.34353769831466,26.436595375461707,1.2441183047457383,1.1674920254980568
